keys,title,url,status,layers,note,group
R01-S1,Omarchy homepage,https://omarchy.org/,verified,platform,"Version 4.0.2, links to omacom repo, Discord, manual, plugins site, foundation news","Omarchy — official (repo, manual, releases, site)"
R01-S2;R03-S2,The Omarchy 3 Manual (legacy index),https://learn.omacom.io/2/the-omarchy-manual/,verified,"hardening, platform",Labels itself legacy v3; v4 has separate manual; Waybar-era content,"Omarchy — official (repo, manual, releases, site)"
R01-S4;R03-S1;R06-S31,"omacom/omarchy repo (gh API: metadata, branches, tree, releases)",https://github.com/omacom/omarchy,verified,"hardening, platform, process","Default branch `quattro`; 36,693 stars; MIT; 2,015 paths; 444 bin scripts","Omarchy — official (repo, manual, releases, site)"
R01-S5;R05-S4,The Omarchy 4 Manual index,https://omarchy.org/manual/,verified,"apps & themes, platform","51 chapters incl. Shell Plugins, Security, Unattended Installs","Omarchy — official (repo, manual, releases, site)"
R01-S6;R05-S7,"Release v4.0.0 ""The Quattro Release""",https://github.com/omacom/omarchy/releases/tag/v4.0.0,verified,"apps & themes, platform",2026-08-14; full feature list; Quickshell; Foot; Lua; plugin system,"Omarchy — official (repo, manual, releases, site)"
R01-S7,"Release v4.0.1 ""Fast-Follow Fixes""",https://github.com/omacom/omarchy/releases/tag/v4.0.1,verified,platform,"2026-08-25; security fixes incl. theme code stripping, plugin-add guards","Omarchy — official (repo, manual, releases, site)"
R01-S8,Release v4.0.2,https://github.com/omacom/omarchy/releases/tag/v4.0.2,verified,platform,2026-08-31; signed packages required; browser policy dir hardening,"Omarchy — official (repo, manual, releases, site)"
R01-S9;R05-S46,"PR #6231 ""Omarchy Quattro""",https://github.com/omacom/omarchy/pull/6231,verified,"apps & themes, platform","Opened 2026-07-17; 1,998 commits; layout migration notes","Omarchy — official (repo, manual, releases, site)"
R01-S11,Omacom Foundation launches,https://omarchy.org/news/2026/08/omacom-foundation-launches-with-8-million,verified,platform,$12.6M pledged; trademarks/infrastructure; no grant program described,"Omarchy — official (repo, manual, releases, site)"
R01-S12,omarchy.org/security,https://omarchy.org/security/,verified,platform,Vulnerability reporting only (security@omarchy.org),"Omarchy — official (repo, manual, releases, site)"
R01-S14,"manual/32-shell-plugins.md (quattro, raw)",https://github.com/omacom/omarchy/blob/quattro/manual/32-shell-plugins.md,verified,platform,"Plugin model, kinds, commands, reserved namespace, security warning","Omarchy — official (repo, manual, releases, site)"
R01-S15,"manual/11-text-extraction-dictation.md (quattro, raw)",https://github.com/omacom/omarchy/blob/quattro/manual/11-text-extraction-dictation.md,verified,platform,Voxtype; F9 / Super+Ctrl+X; Tesseract,"Omarchy — official (repo, manual, releases, site)"
R01-S16,v3 manual: Text Extraction & Dictation,https://learn.omacom.io/2/the-omarchy-manual/116/text-extraction-dictation,verified,platform,Same content as S15,"Omarchy — official (repo, manual, releases, site)"
R01-S17,"Blueprint URL "".../58/dictation""",https://learn.omacom.io/2/the-omarchy-manual/58/dictation,dead/unverifiable,platform,"Page 58 is ""Shell Functions""","Omarchy — official (repo, manual, releases, site)"
R01-S19,shell/plugins/bar/README.md (omacom),https://github.com/omacom/omarchy/blob/quattro/shell/plugins/bar/README.md,search-only,platform,Appeared in search; blueprint's omarchy/omarchy variant 404s,"Omarchy — official (repo, manual, releases, site)"
R01-S20,Omarchy Plugin Marketplace,https://plugins.omarchy.org/,verified,platform,omarchyplugins.com 301s here; MIT; HANCORE; submit via GitHub,"Omarchy — official (repo, manual, releases, site)"
R01-S21,Develop a Plugin guide,https://plugins.omarchy.org/develop.html,verified,platform,"Manifest fields, kinds table, IPC commands, theming access","Omarchy — official (repo, manual, releases, site)"
R01-S22,omacom/omarchy-plugin-marketplace registry.json,https://github.com/omacom/omarchy-plugin-marketplace,verified,platform,22 `sources`; keys retiredPluginIds/repositoryMigrations/sources,"Omarchy — official (repo, manual, releases, site)"
R01-S23;R03-S30,"Discussion #532 ""Support Multiple Users""",https://github.com/omacom/omarchy/discussions/532,verified,"hardening, platform","Single-user by design; LUKS gate; ""coming in 4.1"" comment 2026-08-18","Omarchy — official (repo, manual, releases, site)"
R01-S24,Omarchy 4 manual: Security,https://omarchy.org/manual/security/,verified,platform,LUKS mandatory; ufw; reset computer; passwordless sudo; signing key,"Omarchy — official (repo, manual, releases, site)"
R01-S25,manual/48-security.md (raw),https://github.com/omacom/omarchy/blob/quattro/manual/48-security.md,verified,platform,Source of S24,"Omarchy — official (repo, manual, releases, site)"
R01-S26,docs/file-layout.md (raw),https://github.com/omacom/omarchy/blob/quattro/docs/file-layout.md,verified,platform,Package split; seed/finalize/resync; installed paths; deferred provisioning,"Omarchy — official (repo, manual, releases, site)"
R01-S27,docs/update-process.md (raw),https://github.com/omacom/omarchy/blob/quattro/docs/update-process.md,verified,platform,Update pipeline; per-user migrations; pacman guard,"Omarchy — official (repo, manual, releases, site)"
R01-S28,default/agents/skills/omarchy/contributing.md (raw),https://github.com/omacom/omarchy/blob/quattro/default/agents/skills/omarchy/contributing.md,verified,platform,Issue/suggestion/support routing; AGENTS.md authority; ./test/all,"Omarchy — official (repo, manual, releases, site)"
R01-S29,default/agents/skills/omarchy/hooks.md (raw),https://github.com/omacom/omarchy/blob/quattro/default/agents/skills/omarchy/hooks.md,verified,platform,Six hook events; `omarchy hook install`,"Omarchy — official (repo, manual, releases, site)"
R01-S30,".github/ISSUE_TEMPLATE/{bug.yml,config.yml} (raw)",https://github.com/omacom/omarchy/tree/quattro/.github/ISSUE_TEMPLATE,verified,platform,"""open source gift""; blank issues disabled; support → Discord","Omarchy — official (repo, manual, releases, site)"
R01-S31,install/config/firewall.sh (raw),https://github.com/omacom/omarchy/blob/quattro/install/config/firewall.sh,verified,platform,ufw deny-in/allow-out; 53317; ufw-docker,"Omarchy — official (repo, manual, releases, site)"
R01-S32,install/helpers/browser-policy.sh (raw),https://github.com/omacom/omarchy/blob/quattro/install/helpers/browser-policy.sh,verified,platform,Managed policy dirs for Chromium/Chrome/Edge/Brave; Firefox/Zen distribution dirs,"Omarchy — official (repo, manual, releases, site)"
R01-S33,install/config/snapper.sh (raw),https://github.com/omacom/omarchy/blob/quattro/install/config/snapper.sh,verified,platform,Snapper root config; limine-snapper-sync,"Omarchy — official (repo, manual, releases, site)"
R01-S34,etc/mkinitcpio.conf.d/omarchy_hooks.conf (raw),https://github.com/omacom/omarchy/blob/quattro/etc/mkinitcpio.conf.d/omarchy_hooks.conf,verified,platform,"plymouth, encrypt, btrfs-overlayfs hooks","Omarchy — official (repo, manual, releases, site)"
R01-S35,install/login/sddm.sh + etc/sddm.conf.d/10-wayland.conf (raw),https://github.com/omacom/omarchy/tree/quattro/install/login,verified,platform,SDDM present; ISO owns autologin state,"Omarchy — official (repo, manual, releases, site)"
R01-S36,install/omarchy-base.packages + omarchy-other.packages (raw),https://github.com/omacom/omarchy/tree/quattro/install,verified,platform,"hyprland, quickshell, foot, chromium, limine, btrfs-progs, snapper, networkmanager, ufw, uwsm, sddm, plymouth; no apparmor/iwd/grub","Omarchy — official (repo, manual, releases, site)"
R01-S37,manual/06-themes.md (raw),https://github.com/omacom/omarchy/blob/quattro/manual/06-themes.md,verified,platform,22 themes; what a theme styles; unlock images,"Omarchy — official (repo, manual, releases, site)"
R01-S38,manual/43-making-your-own-theme.md (raw),https://github.com/omacom/omarchy/blob/quattro/manual/43-making-your-own-theme.md,verified,platform,colors.toml; code-stripping rule; naming; templates; catalog PR,"Omarchy — official (repo, manual, releases, site)"
R01-S39,manual/23-browsers.md (raw),https://github.com/omacom/omarchy/blob/quattro/manual/23-browsers.md,verified,platform,Chromium default; policy dirs; extensions; alternatives,"Omarchy — official (repo, manual, releases, site)"
R01-S40,manual/51-unattended-installs.md (raw),https://github.com/omacom/omarchy/blob/quattro/manual/51-unattended-installs.md,verified,platform,cidata NoCloud; defer-provisioning; SSH/Tailscale keys,"Omarchy — official (repo, manual, releases, site)"
R01-S41,"manual/02-getting-started.md (raw, grep)",https://github.com/omacom/omarchy/blob/quattro/manual/02-getting-started.md,verified,platform,"""Installing for another owner""","Omarchy — official (repo, manual, releases, site)"
R01-S42,docs/menu.md (raw),https://github.com/omacom/omarchy/blob/quattro/docs/menu.md,verified,platform,Menu JSONC schema; user extension overlay; guards,"Omarchy — official (repo, manual, releases, site)"
R01-S43;R05-S22,Omarchy extra themes catalog,https://omarchy.org/themes/,verified,"apps & themes, platform",~300+ themes; Install > Style > Theme; PR to omarchy-site,"Omarchy — official (repo, manual, releases, site)"
R01-S46,omacom org repository list (gh API),https://github.com/omacom,verified,platform,"omarchy-iso, omarchy-pkgs, aether, marketplace, registry, retired omakub/omamac","Omarchy — official (repo, manual, releases, site)"
R01-S47,Branch compare quattro...agent-accounts (gh API),https://github.com/omacom/omarchy/compare/quattro...agent-accounts,verified,platform,"Adds omarchy-agent-account-{list,login,logout,switch}; touches provision-user","Omarchy — official (repo, manual, releases, site)"
R01-S48,Omarchy 4 manual: Networking,https://omarchy.org/manual/networking/,search-only,platform,`omarchy dns`; Setup > Network > DNS; Cloudflare/Google/custom,"Omarchy — official (repo, manual, releases, site)"
R01-S54,omacom/omarchy-iso README (raw),https://github.com/omacom/omarchy-iso,verified,platform,Configurator → archinstall; `--quattro` builds; edge mirror,"Omarchy — official (repo, manual, releases, site)"
R01-S55,bin/omarchy-plugin-catalog (raw),https://github.com/omacom/omarchy/blob/quattro/bin/omarchy-plugin-catalog,verified,platform,Manifest discovery in $OMARCHY_PATH/shell/plugins and ~/.config/omarchy/plugins,"Omarchy — official (repo, manual, releases, site)"
R01-S56,bin/omarchy-setup-direct-boot (raw),https://github.com/omacom/omarchy/blob/quattro/bin/omarchy-setup-direct-boot,verified,platform,EFI boot entry for the UKI (efibootmgr),"Omarchy — official (repo, manual, releases, site)"
R01-S58,"Discussion #3540 ""Auto-login potential security issue?""",https://github.com/basecamp/omarchy/discussions/3540,search-only,platform,Autologin threat discussion,"Omarchy — official (repo, manual, releases, site)"
R01-S59,"Issue #2880 ""Add a matching SDDM login screen theme""",https://github.com/basecamp/omarchy/issues/2880,search-only,platform,SDDM theme (now shipped),"Omarchy — official (repo, manual, releases, site)"
R01-S61,omarchy-site repo (theme catalog PR target),https://github.com/omacom-io/omarchy-site,search-only,platform,Linked from manual; omacom org also lists `omarchy-site`,"Omarchy — official (repo, manual, releases, site)"
R03-S3,Manual: Security,https://learn.omacom.io/2/the-omarchy-manual/93/security,verified,hardening,"LUKS mandatory, two passwords, Reset Computer, passwordless sudo, ufw","Omarchy — official (repo, manual, releases, site)"
R03-S4,Manual: System snapshots,https://learn.omacom.io/2/the-omarchy-manual/101/system-snapshots,verified,hardening,"Limine-only, /home preserved, Direct Boot","Omarchy — official (repo, manual, releases, site)"
R03-S5,Manual: Manual installation,https://learn.omacom.io/2/the-omarchy-manual/96/manual-installation,verified,hardening,"archinstall: Limine, btrfs default structure, LUKS, auto-login","Omarchy — official (repo, manual, releases, site)"
R03-S6,Manual: Getting started,https://raw.githubusercontent.com/omacom/omarchy/quattro/manual/02-getting-started.md,verified,hardening,Secure Boot/TPM off; prepare-for-another-owner; no-encryption option,"Omarchy — official (repo, manual, releases, site)"
R03-S7,Manual: Troubleshooting,https://raw.githubusercontent.com/omacom/omarchy/quattro/manual/45-troubleshooting.md,verified,hardening,Ctrl+Alt+F2 root login for faillock reset,"Omarchy — official (repo, manual, releases, site)"
R03-S8,"Manual: Toggles, idle & screensaver",https://raw.githubusercontent.com/omacom/omarchy/quattro/manual/13-toggles-idle-screensaver.md,verified,hardening,Lock screen behaviour,"Omarchy — official (repo, manual, releases, site)"
R03-S9,Manual: Dotfiles; Hotkeys,https://raw.githubusercontent.com/omacom/omarchy/quattro/manual/31-dotfiles.md,verified,hardening,Lua config file layout,"Omarchy — official (repo, manual, releases, site)"
R03-S10,Manual: Hardware authentication,https://raw.githubusercontent.com/omacom/omarchy/quattro/manual/37-hardware-authentication.md,verified,hardening,"FIDO2 covers sudo/polkit, not unlock","Omarchy — official (repo, manual, releases, site)"
R03-S11,Manual: Unattended installs,https://raw.githubusercontent.com/omacom/omarchy/quattro/manual/51-unattended-installs.md,verified,hardening,LUKS passphrase typed at first boot; cidata,"Omarchy — official (repo, manual, releases, site)"
R03-S12,bin/omarchy-provision-owner,https://raw.githubusercontent.com/omacom/omarchy/quattro/bin/omarchy-provision-owner,verified,hardening,useradd -G wheel; root password = user password; sudoers drop-in; SDDM autologin permanent on encrypted installs; LUKS key slots,"Omarchy — official (repo, manual, releases, site)"
R03-S13,install/config/increase-lockout-limit.sh; etc/security/faillock.conf,https://raw.githubusercontent.com/omacom/omarchy/quattro/install/config/increase-lockout-limit.sh,verified,hardening,deny=10 unlock_time=120; sddm-autologin PAM,"Omarchy — official (repo, manual, releases, site)"
R03-S14,etc/sudoers.d/*,https://raw.githubusercontent.com/omacom/omarchy/quattro/etc/sudoers.d/omarchy-dns,verified,hardening,Narrow wheel NOPASSWD rules,"Omarchy — official (repo, manual, releases, site)"
R03-S15,bin/omarchy-sudo-passwordless; bin/omarchy-sudo-keepalive,https://raw.githubusercontent.com/omacom/omarchy/quattro/bin/omarchy-sudo-passwordless,verified,hardening,15-min NOPASSWD ALL; timestamp keepalive,"Omarchy — official (repo, manual, releases, site)"
R03-S16,"default/limine/limine.conf, default.conf; etc/limine-entry-tool.d/*.conf",https://raw.githubusercontent.com/omacom/omarchy/quattro/default/limine/limine.conf,verified,hardening,No editor_enabled; UKI; ESP_PATH=/boot; BOOT_ORDER incl. Snapshots,"Omarchy — official (repo, manual, releases, site)"
R03-S17,bin/omarchy-refresh-limine; bin/omarchy-setup-direct-boot; bin/omarchy-snapshot,https://raw.githubusercontent.com/omacom/omarchy/quattro/bin/omarchy-refresh-limine,verified,hardening,Overwrites /boot/limine.conf; EFI entry to UKI; sudo limine-snapper-restore,"Omarchy — official (repo, manual, releases, site)"
R03-S18,install/config/snapper.sh; default/snapper/root,https://raw.githubusercontent.com/omacom/omarchy/quattro/install/config/snapper.sh,verified,hardening,"Root-only, limit 5, no timeline","Omarchy — official (repo, manual, releases, site)"
R03-S19,etc/mkinitcpio.conf.d/omarchy_hooks.conf (quattro); install/login/limine-snapper.sh (master),https://raw.githubusercontent.com/omacom/omarchy/quattro/etc/mkinitcpio.conf.d/omarchy_hooks.conf,verified,hardening,`encrypt` + `btrfs-overlayfs` hooks; limine-mkinitcpio-hook; quota disabled,"Omarchy — official (repo, manual, releases, site)"
R03-S20,install/login/sddm.sh (quattro & master); etc/sddm.conf.d/10-wayland.conf; default/wayland-sessions/omarchy.desktop; default/sddm/hyprland.lua,https://raw.githubusercontent.com/omacom/omarchy/quattro/install/login/sddm.sh,verified,hardening,Greeter = Hyprland `--config`; session = uwsm,"Omarchy — official (repo, manual, releases, site)"
R03-S21,migrations/1758487660_change_dm_to_sddm.sh (master),https://raw.githubusercontent.com/omacom/omarchy/master/migrations/1758487660_change_dm_to_sddm.sh,verified,hardening,seamless-login → SDDM; enables getty@tty1,"Omarchy — official (repo, manual, releases, site)"
R03-S22,install/config/firewall.sh,https://raw.githubusercontent.com/omacom/omarchy/quattro/install/config/firewall.sh,verified,hardening,ufw policy,"Omarchy — official (repo, manual, releases, site)"
R03-S23,install/omarchy-base.packages; install/omarchy-other.packages,https://raw.githubusercontent.com/omacom/omarchy/quattro/install/omarchy-base.packages,verified,hardening,Package inventory,"Omarchy — official (repo, manual, releases, site)"
R03-S24,config/hypr/bindings.lua; default/hypr/bindings/utilities.lua; default/hypr/windows.lua,https://raw.githubusercontent.com/omacom/omarchy/quattro/config/hypr/bindings.lua,verified,hardening,"hl.unbind, omarchy_default_bindings, system menu binds, window rules","Omarchy — official (repo, manual, releases, site)"
R03-S25,bin/omarchy-apply-lock; bin/omarchy-system-lock; bin/omarchy-hyprland-session-locked; bin/omarchy-system-logout; default/systemd/user/omarchy-crash-watch.service,https://raw.githubusercontent.com/omacom/omarchy/quattro/bin/omarchy-apply-lock,verified,hardening,"Lock PAM, logout via uwsm stop, crash watcher","Omarchy — official (repo, manual, releases, site)"
R03-S26,etc/systemd/logind.conf.d/10-ignore-power-button.conf,https://raw.githubusercontent.com/omacom/omarchy/quattro/etc/systemd/logind.conf.d/10-ignore-power-button.conf,verified,hardening,HandlePowerKey=ignore,"Omarchy — official (repo, manual, releases, site)"
R03-S27,bin/omarchy-provision-user,https://raw.githubusercontent.com/omacom/omarchy/quattro/bin/omarchy-provision-user,verified,hardening,Per-user finalisation; OMARCHY_PATH=/usr/share/omarchy,"Omarchy — official (repo, manual, releases, site)"
R03-S28,bin/omarchy-setup-security-fido2,https://raw.githubusercontent.com/omacom/omarchy/quattro/bin/omarchy-setup-security-fido2,verified,hardening,pam_u2f sufficient for sudo/polkit,"Omarchy — official (repo, manual, releases, site)"
R03-S29,Repo tree & branches (GitHub API),https://api.github.com/repos/omacom/omarchy/git/trees/quattro?recursive=1,verified,hardening,hooks dir `config/omarchy/hooks/post-update.d`; `agent-accounts` branch = provider accounts,"Omarchy — official (repo, manual, releases, site)"
R03-S31,Discussion #3540 Auto-login potential security issue?,https://github.com/omacom/omarchy/discussions/3540,verified,hardening,greetd suggestion; no maintainer reply,"Omarchy — official (repo, manual, releases, site)"
R03-S32,Discussion #3953 multiple users with proper lock screen,https://github.com/omacom/omarchy/discussions/3953,verified,hardening,Request only,"Omarchy — official (repo, manual, releases, site)"
R03-S64,PR basecamp/omarchy#5723 Hyprland lua conversion,https://github.com/basecamp/omarchy/pull/5723,search-only,hardening,Lua migration,"Omarchy — official (repo, manual, releases, site)"
R03-S67,omacom/omarchy discussion #2296 Dual-Boot Secure Boot Setup (Custom Keys),https://github.com/omacom/omarchy/discussions/2296,search-only,hardening,Secure Boot precedent,"Omarchy — official (repo, manual, releases, site)"
R04-S30,Omarchy bin/omarchy-setup-dns,https://github.com/omacom/omarchy/blob/master/bin/omarchy-setup-dns,verified,web safety,Writes resolved.conf; UseDNS=no lock,"Omarchy — official (repo, manual, releases, site)"
R04-S31,Omarchy install/config/hardware/network.sh,https://github.com/omacom/omarchy/blob/master/install/config/hardware/network.sh,verified,web safety,Enables iwd; masks networkd-wait-online,"Omarchy — official (repo, manual, releases, site)"
R04-S32,Omarchy install/first-run/dns-resolver.sh,https://github.com/omacom/omarchy/blob/master/install/first-run/dns-resolver.sh,verified,web safety,stub-resolv.conf symlink,"Omarchy — official (repo, manual, releases, site)"
R04-S33,Omarchy install/first-run/firewall.sh,https://github.com/omacom/omarchy/blob/master/install/first-run/firewall.sh,verified,web safety,ufw deny in / allow out,"Omarchy — official (repo, manual, releases, site)"
R04-S34,Omarchy install/omarchy-base.packages,https://github.com/omacom/omarchy/blob/master/install/omarchy-base.packages,verified,web safety,"chromium, iwd, impala, ufw, polkit-gnome; no NetworkManager","Omarchy — official (repo, manual, releases, site)"
R04-S35,Omarchy bin/omarchy-launch-webapp,https://github.com/omacom/omarchy/blob/master/bin/omarchy-launch-webapp,verified,web safety,"`--app=` launch, browser fallback","Omarchy — official (repo, manual, releases, site)"
R04-S36,Omarchy bin/omarchy-webapp-install,https://github.com/basecamp/omarchy/blob/master/bin/omarchy-webapp-install,verified,web safety,".desktop writer, favicon fetch","Omarchy — official (repo, manual, releases, site)"
R04-S37,Omarchy bin/omarchy-default-browser,https://github.com/omacom/omarchy/blob/master/bin/omarchy-default-browser,verified,web safety,supported browsers list,"Omarchy — official (repo, manual, releases, site)"
R04-S38,Omarchy config/chromium-flags.conf,https://github.com/omacom/omarchy/blob/master/config/chromium-flags.conf,verified,web safety,`--load-extension` copy-url,"Omarchy — official (repo, manual, releases, site)"
R04-S39,Omarchy install/packaging/webapps.sh,https://github.com/omacom/omarchy/blob/master/install/packaging/webapps.sh,verified,web safety,"Stock web apps incl. YouTube, X, Discord","Omarchy — official (repo, manual, releases, site)"
R04-S40,The Omarchy Manual: Browsers,https://omarchy.org/manual/browsers/,verified,web safety,Chromium default; web apps run in it,"Omarchy — official (repo, manual, releases, site)"
R04-S41,The Omarchy Manual: Web Apps,https://omarchy.org/manual/web-apps/,verified,web safety,Install > Web App; shared logins,"Omarchy — official (repo, manual, releases, site)"
R04-S42,Omarchy issue #8495 (javascript:/file: URLs in --app),https://github.com/omacom/omarchy/issues/8495,verified,web safety,Closed 2026-08-27,"Omarchy — official (repo, manual, releases, site)"
R04-S43,Omarchy issue #1384 (separate Chromium profile per web app),https://github.com/omacom/omarchy/issues/1384,verified,web safety,Closed 2025-09-01,"Omarchy — official (repo, manual, releases, site)"
R04-S44,Omarchy discussion #2468 (Firefox as web-app browser),https://github.com/omacom/omarchy/discussions/2468,verified,web safety,Dedicated Firefox profile approach,"Omarchy — official (repo, manual, releases, site)"
R04-S45,Omarchy releases,https://github.com/omacom/omarchy/releases,verified,web safety,"v4.0.2, 2026-08-31","Omarchy — official (repo, manual, releases, site)"
R04-S83,The Omarchy 3 Manual: Web Apps (learn.omacom.io),https://learn.omacom.io/2/the-omarchy-manual/63/web-apps,search-only,web safety,Mirror of S41,"Omarchy — official (repo, manual, releases, site)"
R04-S85,Omarchy bin/omarchy-install-chromium-google-account,https://github.com/omacom/omarchy/blob/master/bin/omarchy-install-chromium-google-account,verified,web safety,Adds OAuth client flags to chromium-flags.conf,"Omarchy — official (repo, manual, releases, site)"
R05-S2,Hotkeys · Omarchy 3 Manual,https://learn.omacom.io/2/the-omarchy-manual/53/themes,verified,apps & themes,"URL resolves to the hotkeys page; theme hotkeys, backgrounds dir.","Omarchy — official (repo, manual, releases, site)"
R05-S3,Omarchy themes directory,https://github.com/basecamp/omarchy/tree/master/themes,verified,apps & themes,Redirects to omacom/omarchy; 20 theme dirs; 36.7k stars.,"Omarchy — official (repo, manual, releases, site)"
R05-S6,omarchy-shell.md (master),https://github.com/omacom/omarchy/blob/master/docs/omarchy-shell.md,dead/unverifiable,apps & themes,404 on master; see S15.,"Omarchy — official (repo, manual, releases, site)"
R05-S8,themes/tokyo-night,https://github.com/omacom/omarchy/tree/master/themes/tokyo-night,verified,apps & themes,Exact theme file list.,"Omarchy — official (repo, manual, releases, site)"
R05-S9,Making your own theme,https://omarchy.org/manual/making-your-own-theme/,verified,apps & themes,"colors.toml, mode=light, icons.theme, themed/*.tpl, naming convention, install path.","Omarchy — official (repo, manual, releases, site)"
R05-S10,Themes,https://omarchy.org/manual/themes/,verified,apps & themes,"Built-ins, hotkeys, Extra themes page reference.","Omarchy — official (repo, manual, releases, site)"
R05-S11,Gaming,https://omarchy.org/manual/gaming/,verified,apps & themes,Install > Gaming list incl. Minecraft; Fortnite/Rocket League anti-cheat caveat.,"Omarchy — official (repo, manual, releases, site)"
R05-S12,Hotkeys,https://omarchy.org/manual/hotkeys/,verified,apps & themes,Super+K; theme/background/menu keys; bindings.lua.,"Omarchy — official (repo, manual, releases, site)"
R05-S15,omarchy-shell.md (quattro),https://github.com/omacom/omarchy/blob/quattro/docs/omarchy-shell.md,verified,apps & themes,"Plugin manifest/kinds/dirs, shell.toml keys, IPC commands.","Omarchy — official (repo, manual, releases, site)"
R05-S16,Text Extraction & Dictation,https://omarchy.org/manual/text-extraction-dictation/,verified,apps & themes,Voxtype; F9 hold / Super+Ctrl+X; tesseract OCR.,"Omarchy — official (repo, manual, releases, site)"
R05-S47,PR #5856 Omarchy goes Quickshell,https://github.com/omacom/omarchy/pull/5856,search-only,apps & themes,.,"Omarchy — official (repo, manual, releases, site)"
R05-S71,Extra themes · Omarchy 3 Manual,https://learn.omacom.io/2/the-omarchy-manual/90/extra-themes,search-only,apps & themes,.,"Omarchy — official (repo, manual, releases, site)"
R06-S30,Omarchy LICENSE,https://github.com/basecamp/omarchy/blob/master/LICENSE,verified,process,"MIT; ""Copyright (c) David Heinemeier Hansson""; renders under omacom/omarchy","Omarchy — official (repo, manual, releases, site)"
R06-S56,The Omarchy Manual (Getting Started; Omarchy on...),https://omarchy.org/manual/getting-started/,search-only,process,"Discord channels #omarchy-help, #omarchy-on-other","Omarchy — official (repo, manual, releases, site)"
R06-S57,omacom/omarchy-pkgs,https://github.com/omacom/omarchy-pkgs,search-only,process,Confirms `omacom` org and `omarchy-*` naming,"Omarchy — official (repo, manual, releases, site)"
R06-S58,basecamp/omarchy-basecamp-plugin,https://github.com/basecamp/omarchy-basecamp-plugin,search-only,process,Official plugin naming precedent,"Omarchy — official (repo, manual, releases, site)"
R01-S3;R05-S1,github.com/omarchy/omarchy,https://github.com/omarchy/omarchy,verified,"apps & themes, platform",Unrelated 3-star personal profile repo — not Omarchy,Omarchy — community & ecosystem
R01-S10;R03-S65,Phoronix: Omarchy 4.0 Released,https://www.phoronix.com/news/Omarchy-4.0-Released,verified,"hardening, platform",Confirms date and Quickshell consolidation,Omarchy — community & ecosystem
R01-S18,Blueprint URL omarchy/omarchy .../32-shell-plugins.md,https://github.com/omarchy/omarchy/blob/quattro/manual/32-shell-plugins.md,dead/unverifiable,platform,404 — wrong org,Omarchy — community & ecosystem
R01-S44,jfuerwentsches/omarchy-kids (README + tree via gh API),https://github.com/jfuerwentsches/omarchy-kids,verified,platform,"Created 2026-08-27; Rust agent + Qt control + tiers; ""not usable yet""",Omarchy — community & ecosystem
R01-S45,GitHub repo search results (omarchy kids/parental/school/kiosk; omarchy-theme; omarchy plugin),https://github.com/search?q=omarchy+kids&type=repositories,verified,platform,Only omarchy-kids matched; 50+ theme repos; ~15 plugin repos sampled,Omarchy — community & ecosystem
R01-S50,"""Omarchy: Any User Process Can Escalate to Root""",https://0xcc.io/posts/omarchy-root-creds/,dead/unverifiable,platform,HTTP 403; title only,Omarchy — community & ecosystem
R01-S51,"r/omarchy ""Installing Omarchy on school computers"" (blueprint URL)",https://www.reddit.com/r/omarchy/comments/1vnklrc/installing_omarchy_on_school_computers/,dead/unverifiable,platform,reddit blocked from tool; not surfaced by 3 searches,Omarchy — community & ecosystem
R01-S57,codetocloud.io: Omarchy 4 Quattro what's new,https://codetocloud.io/blog/omarchy-4-quattro-whats-new/,search-only,platform,Secondary coverage,Omarchy — community & ecosystem
R01-S60,deepakness/omarchy-hub,https://github.com/deepakness/omarchy-hub,search-only,platform,Unofficial resource library,Omarchy — community & ecosystem
R01-S63,Lunduke: Omarchy 2.0,https://lunduke.substack.com/p/omarchy-20-the-arch-based-hyprland,search-only,platform,"Old (Discord >6,000 members at 2 months)",Omarchy — community & ecosystem
R03-S62,Omarchy user docs (docuwriter): Auto-login and Plymouth splash,https://docs.docuwriter.ai/omarchy-user-docs/78789,search-only,hardening,Describes the retired seamless-login helper,Omarchy — community & ecosystem
R03-S69,akitaonrails: Installing Omarchy 2.0 from Scratch,https://akitaonrails.com/en/2025/08/29/new-omarchy-2-0-install/,search-only,hardening,@/@home/@log/@pkg subvolumes,Omarchy — community & ecosystem
R05-S23,Wheel-Smith/awesome-omarchy,https://github.com/Wheel-Smith/awesome-omarchy,search-only,apps & themes,Community index.,Omarchy — community & ecosystem
R05-S24,aorumbayev/awesome-omarchy,https://github.com/aorumbayev/awesome-omarchy,search-only,apps & themes,Community index.,Omarchy — community & ecosystem
R05-S25,omarchy-themes topic,https://github.com/topics/omarchy-themes,search-only,apps & themes,GitHub topic listing.,Omarchy — community & ecosystem
R05-S45,Omarchy 4.0 (desdelinux),https://blog.desdelinux.net/en/omarchy-4.0-release-new-features-quickshell-omakase/,search-only,apps & themes,Quickshell rewrite summary.,Omarchy — community & ecosystem
R05-S48,Quattro upgrade checklist,https://omarchypulse.com/articles/upgrading-to-quattro,search-only,apps & themes,.,Omarchy — community & ecosystem
R05-S49,Omarchy has 227 shortcuts,https://www.pacyfist.dev/posts/omarchy-has-227-shortcuts-heres-how-i-remember-them/,search-only,apps & themes,Super+K popup generated from user config.,Omarchy — community & ecosystem
R05-S50,Omarchy cheat sheet,https://acrogenesis.com/omarchy-cheat-sheet/,search-only,apps & themes,Printable reference.,Omarchy — community & ecosystem
R06-S53,themartiano/try-omarchy,https://github.com/themartiano/try-omarchy,search-only,process,"""not official or affiliated... not endorsed by Basecamp""",Omarchy — community & ecosystem
R06-S54,Omarchy Themes,https://omarchythemes.com/,search-only,process,"""not affiliated with 37signals""",Omarchy — community & ecosystem
R06-S55,Omarchy News,https://omarchynews.com/posts/60-v205,search-only,process,"""not affiliated with 37signals""",Omarchy — community & ecosystem
R06-S61,Wikipedia: Omarchy,https://en.wikipedia.org/wiki/Omarchy,search-only,process,MIT; v4.0 Aug 2026 (per search snippet),Omarchy — community & ecosystem
R02-S1,Arch Linux package search: malcontent,https://archlinux.org/packages/?q=malcontent,verified,prior art,"libmalcontent / malcontent / malcontent-docs 0.14.0-4 in extra, updated 2026-04-11","Arch Linux (packages, AUR, ArchWiki)"
R02-S2;R03-S49,ArchWiki: Parental control,https://wiki.archlinux.org/title/Parental_control,verified,"hardening, prior art",Full page summarised in §3,"Arch Linux (packages, AUR, ArchWiki)"
R02-S3,AUR: timekpr-next (RPC v5 info),https://aur.archlinux.org/packages/timekpr-next,verified,prior art,"0.5.10-1, maint SanskritFritz, co-maint Mjasnik, updated 2026-08-17, 9 votes; deps gtk3/polkit/libappindicator/psutil","Arch Linux (packages, AUR, ArchWiki)"
R02-S33,Arch package sugar-toolkit-gtk3 0.121-2,https://archlinux.org/packages/extra/x86_64/sugar-toolkit-gtk3/,search-only,prior art,GTK3 toolkit packaged,"Arch Linux (packages, AUR, ArchWiki)"
R03-S34,ArchWiki: Limine,https://wiki.archlinux.org/title/Limine,verified,hardening,"limine-entry-tool, enroll-config, snapper sync, UKI, Secure Boot tip","Arch Linux (packages, AUR, ArchWiki)"
R03-S35,ArchWiki: Bubblewrap; Bubblewrap/Examples,https://wiki.archlinux.org/title/Bubblewrap,verified,hardening,"Wayland/PipeWire/DRI examples, `--symlink usr/lib /lib64`","Arch Linux (packages, AUR, ArchWiki)"
R03-S36,bwrap(1),https://man.archlinux.org/man/bwrap.1,verified,hardening,Flag semantics,"Arch Linux (packages, AUR, ArchWiki)"
R03-S37,ArchWiki: Firejail,https://wiki.archlinux.org/title/Firejail,verified,hardening,"setuid, profiles, firecfg, force-nonewprivs","Arch Linux (packages, AUR, ArchWiki)"
R03-S38,ArchWiki: Polkit,https://wiki.archlinux.org/title/Polkit,verified,hardening,"rules.d, addRule examples, admin identities","Arch Linux (packages, AUR, ArchWiki)"
R03-S39,ArchWiki: systemd-homed,https://wiki.archlinux.org/title/Systemd-homed,verified,hardening,"Storage backends, caveats","Arch Linux (packages, AUR, ArchWiki)"
R03-S40,ArchWiki: AppArmor,https://wiki.archlinux.org/title/AppArmor,verified,hardening,"lsm= parameter, service, profiling","Arch Linux (packages, AUR, ArchWiki)"
R03-S41,ArchWiki: Security,https://wiki.archlinux.org/title/Security,verified,hardening,"Mount options, faillock, userns, SUID risks, ptrace","Arch Linux (packages, AUR, ArchWiki)"
R03-S42,ArchWiki: Getty,https://wiki.archlinux.org/title/Getty,verified,hardening,"Autologin drop-in, NAutoVTs","Arch Linux (packages, AUR, ArchWiki)"
R03-S43,logind.conf(5),https://man.archlinux.org/man/logind.conf.5,verified,hardening,"KillUserProcesses, NAutoVTs, ReserveVT","Arch Linux (packages, AUR, ArchWiki)"
R03-S44,ArchWiki: Sudo,https://wiki.archlinux.org/title/Sudo,verified,hardening,"sudoers.d, timestamp_timeout","Arch Linux (packages, AUR, ArchWiki)"
R03-S45,ArchWiki: Flatpak; Flatpak docs: Sandbox Permissions,https://wiki.archlinux.org/title/Flatpak,verified,hardening,override syntax; sandbox caveats,"Arch Linux (packages, AUR, ArchWiki)"
R03-S46,ArchWiki: Btrfs; fstab,https://wiki.archlinux.org/title/Btrfs,verified,hardening,Subvolume mount semantics; user/users imply noexec,"Arch Linux (packages, AUR, ArchWiki)"
R03-S47,ArchWiki: Snapper,https://wiki.archlinux.org/title/Snapper,verified,hardening,"ALLOW_USERS, read-only snapshot boot issues","Arch Linux (packages, AUR, ArchWiki)"
R03-S48,ArchWiki: Users and groups,https://wiki.archlinux.org/title/Users_and_groups,verified,hardening,Group semantics,"Arch Linux (packages, AUR, ArchWiki)"
R03-S50,ArchWiki: NetworkManager,https://wiki.archlinux.org/title/NetworkManager,verified,hardening,Polkit prefix rule,"Arch Linux (packages, AUR, ArchWiki)"
R03-S51,ArchWiki: Keyboard shortcuts (SysRq),https://wiki.archlinux.org/title/Keyboard_shortcuts,verified,hardening,kernel.sysrq=16 default,"Arch Linux (packages, AUR, ArchWiki)"
R03-S52,Arch package pages,https://archlinux.org/packages/extra/x86_64/malcontent/,verified,hardening,Versions as of 2026-09-01; fortune-mod has no off/ DB,"Arch Linux (packages, AUR, ArchWiki)"
R03-S53,AUR RPC: fapolicyd,https://aur.archlinux.org/rpc/v5/info/fapolicyd,verified,hardening,0 results,"Arch Linux (packages, AUR, ArchWiki)"
R03-S58,sddm.conf(5),https://man.archlinux.org/man/sddm.conf.5,verified,hardening,Relogin default false,"Arch Linux (packages, AUR, ArchWiki)"
R04-S21,Arch package dnscrypt-proxy,https://archlinux.org/packages/extra/x86_64/dnscrypt-proxy/,verified,web safety,"2.1.18, extra, updated 2026-07-21","Arch Linux (packages, AUR, ArchWiki)"
R04-S22,Arch package nftables,https://archlinux.org/packages/extra/x86_64/nftables/,verified,web safety,"1.1.6, extra","Arch Linux (packages, AUR, ArchWiki)"
R04-S23,Arch package chromium,https://archlinux.org/packages/extra/x86_64/chromium/,verified,web safety,"152.0.7977.64, extra","Arch Linux (packages, AUR, ArchWiki)"
R04-S24,ArchWiki: dnscrypt-proxy,https://wiki.archlinux.org/title/Dnscrypt-proxy,dead/unverifiable,web safety,Anubis anti-bot wall blocked fetch,"Arch Linux (packages, AUR, ArchWiki)"
R04-S25,ArchWiki: systemd-resolved,https://wiki.archlinux.org/title/Systemd-resolved,dead/unverifiable,web safety,Anubis wall,"Arch Linux (packages, AUR, ArchWiki)"
R04-S74,AUR: e2guardian,https://aur.archlinux.org/packages/e2guardian,search-only,web safety,Packaged in AUR,"Arch Linux (packages, AUR, ArchWiki)"
R05-S19,Arch package JSON API,https://archlinux.org/packages/search/json/,verified,apps & themes,"(curl, 90 names) — Official repo versions/dates in the catalog.","Arch Linux (packages, AUR, ArchWiki)"
R05-S20,AUR RPC v5,https://aur.archlinux.org/rpc/v5/,verified,apps & themes,"(curl, ~90 names) — AUR versions, last-modified, votes, out-of-date flags.","Arch Linux (packages, AUR, ArchWiki)"
R05-S36,FS#76593 fortune-mod,https://bugs.archlinux.org/task/76593,search-only,apps & themes,Background on removing offensive DB from Arch package.,"Arch Linux (packages, AUR, ArchWiki)"
R05-S37,AUR fortune-mod-off,https://aur.archlinux.org/packages/fortune-mod-off,search-only,apps & themes,/VERIFIED via RPC — Offensive DB lives here only.,"Arch Linux (packages, AUR, ArchWiki)"
R05-S38,fortune(6),https://man.archlinux.org/man/fortune.6.en,search-only,apps & themes,`-o`/`-a` semantics.,"Arch Linux (packages, AUR, ArchWiki)"
R05-S55,AUR scratchjr-desktop-git,https://aur.archlinux.org/packages/scratchjr-desktop-git,search-only,apps & themes,"/RPC — 2021, 0 votes.","Arch Linux (packages, AUR, ArchWiki)"
R02-S25,HyprTile,https://hyprtile.org/,verified,prior art,v0.16 2026-07-29; Child Lock / Kiosk Mode; GPL-3,Hyprland / Wayland / Quickshell
R02-S26,cage-kiosk/cage,https://github.com/cage-kiosk/cage,verified,prior art,"Wayland kiosk compositor, wlroots 0.20, active",Hyprland / Wayland / Quickshell
R02-S43,ActivityWatch/aw-watcher-window-wayland,https://github.com/ActivityWatch/aw-watcher-window-wayland,search-only,prior art,Needs wlr-foreign-toplevel + ext-idle-notify; sway/niri/phosh,Hyprland / Wayland / Quickshell
R02-S44,bobvanderlinden/aw-watcher-window-hyprland,https://github.com/bobvanderlinden/aw-watcher-window-hyprland,search-only,prior art,Hyprland IPC watcher incl. workspace,Hyprland / Wayland / Quickshell
R02-S58,"Hyprland issue #799 ""security: implement ext-session-lock-v1""",https://github.com/hyprwm/Hyprland/issues/799,search-only,prior art,Session lock protocol history,Hyprland / Wayland / Quickshell
R03-S55,Hyprland source: src/keybinds/Manager.cpp,https://raw.githubusercontent.com/hyprwm/Hyprland/main/src/keybinds/Manager.cpp,verified,hardening,"`handleVT` hardcoded, runs in `handleInternalKeybinds` before user binds",Hyprland / Wayland / Quickshell
R03-S60,Linuxiac: Hyprland 0.49 Introduces Fine-Grained Permissions,https://linuxiac.com/hyprland-0-49-introduces-fine-grained-permissions/,search-only,hardening,Version attribution,Hyprland / Wayland / Quickshell
R05-S70,Hyprland cheatz,https://cheatography.com/paulie421/cheat-sheets/hyprland-cheatz/,search-only,apps & themes,Search for a Hyprland keybind trainer game returned only cheat sheets; none found.,Hyprland / Wayland / Quickshell
R02-S7,openSUSE Security: malcontent disk-space DoS (CVE-2026-44931),https://security.opensuse.org/2026/05/11/malcontent-disk-space-dos.html,verified,prior art,"0.14.0, RecordUsage, no upstream fix, timeline Feb–May 2026","Sandboxing, hardening & privilege (bubblewrap, polkit, Flatpak, fapolicyd, Limine, systemd)"
R02-S61,"oss-security list, May 2026",https://www.openwall.com/lists/oss-security/2026/05/,search-only,prior art,CVE-2026-44931 announcement venue,"Sandboxing, hardening & privilege (bubblewrap, polkit, Flatpak, fapolicyd, Limine, systemd)"
R02-S65,malcontent upstream (freedesktop GitLab),https://gitlab.freedesktop.org/pwithnall/malcontent,dead/unverifiable,prior art,Anubis anti-bot block; GitHub mirror used,"Sandboxing, hardening & privilege (bubblewrap, polkit, Flatpak, fapolicyd, Limine, systemd)"
R03-S56,xkeyboard-config: symbols/srvr_ctrl; rules/base.xml,https://gitlab.freedesktop.org/xkeyboard-config/xkeyboard-config/-/raw/master/symbols/srvr_ctrl,verified,hardening,`fkey2vt` vs `no_srvr_keys`; option `srvrkeys:none`,"Sandboxing, hardening & privilege (bubblewrap, polkit, Flatpak, fapolicyd, Limine, systemd)"
R03-S59,"Upstream polkit policies: udisks2, systemd login1, systemd1, Flatpak",https://raw.githubusercontent.com/storaged-project/udisks/master/data/org.freedesktop.UDisks2.policy.in,verified,hardening,Action IDs,"Sandboxing, hardening & privilege (bubblewrap, polkit, Flatpak, fapolicyd, Limine, systemd)"
R04-S26,resolved.conf(5) (Debian manpages mirror),https://manpages.debian.org/unstable/systemd/resolved.conf.5.en.html,verified,web safety,"DNS= `#sni` syntax, DNSOverTLS, Domains=~., precedence","Sandboxing, hardening & privilege (bubblewrap, polkit, Flatpak, fapolicyd, Limine, systemd)"
R04-S27,resolved.conf(5) freedesktop,https://www.freedesktop.org/software/systemd/man/latest/resolved.conf.html,dead/unverifiable,web safety,HTTP 403 to fetcher,"Sandboxing, hardening & privilege (bubblewrap, polkit, Flatpak, fapolicyd, Limine, systemd)"
R04-S29,slatecave: NetworkManager group permissions via polkit,https://slatecave.net/blog/networkmanager-group-using-polkit/,search-only,web safety,settings.modify.system default auth_admin_keep,"Sandboxing, hardening & privilege (bubblewrap, polkit, Flatpak, fapolicyd, Limine, systemd)"
R07-S61,"freedesktop AppStream — `ContentRating` API and metadata spec (content_rating, oars-1.0/1.1)",https://www.freedesktop.org/software/appstream/docs/api/class.ContentRating.html,search-only,pedagogy,; https://www.freedesktop.org/software/appstream/docs/chap-Metadata.html —  (fetch 403) · 2026-09-01.,"Sandboxing, hardening & privilege (bubblewrap, polkit, Flatpak, fapolicyd, Limine, systemd)"
R01-S13;R04-S46,Cloudflare: Supporting the future of the open web,https://blog.cloudflare.com/supporting-the-future-of-the-open-web/,verified,"platform, web safety","2025-09-22, Sam Rhea; CDN/R2/DDoS for Omarchy","DNS, network & browser policy"
R04-S1,Set up 1.1.1.1 · Cloudflare 1.1.1.1 docs,https://developers.cloudflare.com/1.1.1.1/setup/,verified,web safety,"Families IPs, DoH/DoT endpoints; returns 0.0.0.0 for blocked","DNS, network & browser policy"
R04-S2,Network operators · Cloudflare 1.1.1.1 docs,https://developers.cloudflare.com/1.1.1.1/infrastructure/network-operators/,verified,web safety,"Two tiers; ""contact us""/Zero Trust for customization","DNS, network & browser policy"
R04-S3,Quad9 service addresses & features,https://quad9.net/service/service-addresses-and-features/,verified,web safety,Malware blocking only; no adult filtering,"DNS, network & browser policy"
R04-S4,NextDNS homepage (features),https://nextdns.io/,verified,web safety,"Parental control, SafeSearch, YouTube Restricted, Recreation Time, log retention","DNS, network & browser policy"
R04-S5,NextDNS Help: What happens after 300k queries?,https://help.nextdns.io/t/p8hmvaw/what-happens-after-300k-queries,search-only,web safety,Becomes non-filtering resolver after quota,"DNS, network & browser policy"
R04-S6,NextDNS Pricing,https://nextdns.io/pricing,search-only,web safety,Pro $1.99/mo unlimited,"DNS, network & browser policy"
R04-S7,AdGuard DNS public servers,https://adguard-dns.io/en/public-dns.html,verified,web safety,"Family Protection IPs/DoH/DoT/DoQ/DNSCrypt; ""enable Safe Search and Safe Mode, where possible""","DNS, network & browser policy"
R04-S8,AdGuard DNS KB overview,https://adguard-dns.io/kb/public-dns/overview/,verified,web safety,Family blocks adult + enforces safe search,"DNS, network & browser policy"
R04-S10,OpenDNS community: What is the default filtering?,https://support.opendns.com/hc/en-us/community/posts/220039227-What-is-the-default-filtering,search-only,web safety,FamilyShield categories,"DNS, network & browser policy"
R04-S11,OpenDNS FamilyShield router instructions,https://support.opendns.com/hc/en-us/articles/228006487-FamilyShield-Router-Configuration-Instructions,dead/unverifiable,web safety,301 → Cisco community landing page,"DNS, network & browser policy"
R04-S17,dnscrypt-proxy example-dnscrypt-proxy.toml,https://raw.githubusercontent.com/DNSCrypt/dnscrypt-proxy/master/dnscrypt-proxy/example-dnscrypt-proxy.toml,verified,web safety,"blocked_names, allowed_names, schedules, cloaking, forwarding","DNS, network & browser policy"
R04-S18,dnscrypt-proxy example-cloaking-rules.txt,https://raw.githubusercontent.com/DNSCrypt/dnscrypt-proxy/master/dnscrypt-proxy/example-cloaking-rules.txt,verified,web safety,SafeSearch cloaking examples,"DNS, network & browser policy"
R04-S19,dnscrypt-proxy example-blocked-names.txt,https://raw.githubusercontent.com/DNSCrypt/dnscrypt-proxy/master/dnscrypt-proxy/example-blocked-names.txt,verified,web safety,Pattern syntax; `@time-to-sleep`,"DNS, network & browser policy"
R04-S20,dnscrypt-resolvers public-resolvers.md,https://raw.githubusercontent.com/DNSCrypt/dnscrypt-resolvers/master/v3/public-resolvers.md,verified,web safety,"cloudflare-family, adguard-dns-family-doh, cleanbrowsing-family-doh, nextdns, quad9-* present","DNS, network & browser policy"
R04-S48,Chromium: Linux Quick Start (policies),https://www.chromium.org/administrators/linux-quick-start/,verified,web safety,/etc/chromium/policies/managed; /etc/opt/chrome,"DNS, network & browser policy"
R04-S49,Chrome Enterprise policy list,https://chromeenterprise.google/policies/,dead/unverifiable,web safety,JS-only render; used S47 instead,"DNS, network & browser policy"
R04-S50,Chromium: DNS over HTTPS (design/FAQ),https://www.chromium.org/developers/dns-over-https/,verified,web safety,Same-provider auto-upgrade; managed opt-out; no canary support,"DNS, network & browser policy"
R04-S52,Firefox admin docs: DNSOverHTTPS,https://firefox-admin-docs.mozilla.org/reference/policies/dnsoverhttps/,verified,web safety,Enabled/ProviderURL/Locked/ExcludedDomains/Fallback,"DNS, network & browser policy"
R04-S53,Firefox admin docs: WebsiteFilter,https://firefox-admin-docs.mozilla.org/reference/policies/websitefilter/,verified,web safety,1000-entry limit; match patterns,"DNS, network & browser policy"
R04-S54,Firefox admin docs: ExtensionSettings,https://firefox-admin-docs.mozilla.org/reference/policies/extensionsettings/,verified,web safety,`*` blocked; force_installed uBO example,"DNS, network & browser policy"
R04-S55,Firefox admin docs: policies index,https://firefox-admin-docs.mozilla.org/reference/policies/,verified,web safety,Policy list,"DNS, network & browser policy"
R04-S56,mozilla/policy-templates README,https://github.com/mozilla/policy-templates,verified,web safety,Deprecated → admin docs,"DNS, network & browser policy"
R04-S57,Mozilla: Canary domain use-application-dns.net,https://support.mozilla.org/en-US/kb/canary-domain-use-application-dnsnet,dead/unverifiable,web safety,Page did not render for fetcher; behavior from snippets,"DNS, network & browser policy"
R04-S58,Mozilla: Managing policies on Linux desktops,https://support.mozilla.org/en-US/kb/managing-policies-linux-desktops,search-only,web safety,/etc/firefox/policies,"DNS, network & browser policy"
R04-S59,Firefox admin docs: Configuring policies,https://firefox-admin-docs.mozilla.org/guides/policies-configuration/,search-only,web safety,policies.json locations,"DNS, network & browser policy"
R04-S60,nftables wiki: Quick reference (10 minutes),https://wiki.nftables.org/wiki-nftables/index.php/Quick_reference-nftables_in_10_minutes,verified,web safety,"output hook, meta skuid, dport 53, verdicts","DNS, network & browser policy"
R04-S61,nftables wiki: Simple ruleset for a workstation,https://wiki.nftables.org/wiki-nftables/index.php/Simple_ruleset_for_a_workstation,verified,web safety,table inet filter example,"DNS, network & browser policy"
R04-S64,Pi-hole API docs,https://docs.pi-hole.net/api/,verified,web safety,Auth; /api/dns/blocking; self-hosted OpenAPI,"DNS, network & browser policy"
R04-S65,pi-hole/FTL issue #1845 (timer ignored),https://github.com/pi-hole/FTL/issues/1845,search-only,web safety,Timer bug report,"DNS, network & browser policy"
R04-S66,HA community: Pi-hole v6 REST API temporarily disable,https://community.home-assistant.io/t/use-pi-hole-v6-rest-api-to-temporarily-disable-blocking/811609,search-only,web safety,timer in seconds,"DNS, network & browser policy"
R04-S73,e2guardian GitHub (repo + releases),https://github.com/e2guardian/e2guardian,search-only,web safety,v5.5.9r 2025-08-22,"DNS, network & browser policy"
R04-S77,chromium net-dev: DoH same-provider auto-upgrade,https://groups.google.com/a/chromium.org/g/net-dev/c/lIm9esAFjQ0/m/vJ93oMbAAgAJ,search-only,web safety,Auto-upgrade semantics,"DNS, network & browser policy"
R04-S78,Mozilla: DNS over HTTPS FAQs,https://support.mozilla.org/en-US/kb/dns-over-https-doh-faqs,search-only,web safety,Default-on regions; manual DoH ignores canary,"DNS, network & browser policy"
R04-S79,NextDNS Help: parental-control (guessed URL),https://help.nextdns.io/t/g9hdkhh/parental-control,dead/unverifiable,web safety,404,"DNS, network & browser policy"
R04-S81,Cloudflare One: DNS policies,https://developers.cloudflare.com/cloudflare-one/traffic-policies/dns-policies/,search-only,web safety,Customizable alternative to public Families,"DNS, network & browser policy"
R04-S82,Pi-hole discourse: NXDOMAIN for use-application-dns.net,https://discourse.pi-hole.net/t/support-for-returning-nxdomain-for-use-application-dns-net-to-disable-firefox-doh/23243,search-only,web safety,Canary handling,"DNS, network & browser policy"
R02-S4,Launchpad: timekpr-next,https://launchpad.net/timekpr-next,verified,prior art,0.5.10 released 2026-08-03; 0.5.9 2025-12-22; author Eduards Bezverhijs,Parental-control tools (Linux)
R02-S5,Timekpr-nExT documentation,https://mjasnik.gitlab.io/timekpr-next/,verified,prior art,"logind-based, X11/Wayland/Mir sessions, PlayTime, restriction types, Arch via AUR",Parental-control tools (Linux)
R02-S6;R07-S62,endlessm/malcontent README (GitHub mirror),https://github.com/endlessm/malcontent,verified,"pedagogy, prior art","Components, deps, ""not a MAC system""",Parental-control tools (Linux)
R02-S8;R07-S63,"Withnall, ""Parental controls in GNOME"" notes (GUADEC 2020-07-23)",https://events.gnome.org/event/1/contributions/78/attachments/11/29/presentation_notes.pdf,verified,"pedagogy, prior art","Architecture, OARS, accounts-service, 2% uptake, ""not real security"", screen-time future",Parental-control tools (Linux)
R02-S9,"GNOME gnome-shell issue #9194 ""Parental control screen time limit bypass""",https://gitlab.gnome.org/GNOME/gnome-shell/-/work_items/9194,verified,prior art,User-switcher bypass of time limit,Parental-control tools (Linux)
R02-S10,Linux Mint discussion #1269,https://github.com/orgs/linuxmint/discussions/1269,verified,prior art,"Opened 2025-12-23, Ideas category, no dev response",Parental-control tools (Linux)
R02-S23,marcus67/little_brother,https://github.com/marcus67/little_brother,verified,prior art,0.5.6 Dec 2024; process kill; Arch tested,Parental-control tools (Linux)
R02-S24,valueerrorx/LiFE-Parental-Control,https://github.com/valueerrorx/LiFE-Parental-Control,verified,prior art,Root daemon + Electron UI; GRUB hardening; hosts/dnsmasq; beta,Parental-control tools (Linux)
R02-S27,Veyon,https://veyon.io/,verified,prior art,Features; no Wayland statement,Parental-control tools (Linux)
R02-S28,Veyon docs: Platform specific notes,https://docs.veyon.io/en/latest/admin/platform-notes.html,verified,prior art,No Wayland section,Parental-control tools (Linux)
R02-S29,"Veyon issue #860 ""wayland fedora 36""",https://github.com/veyon/veyon/issues/860,search-only,prior art,No image under Wayland,Parental-control tools (Linux)
R02-S30,Medium: Bypassing the Elementary OS Screen time feature,https://medium.com/@jamiechamberlain01356/bypassing-the-elementary-os-screen-time-feature-f76869fa9df4,search-only,prior art,GRUB → recovery → root → adduser,Parental-control tools (Linux)
R02-S52,Repology: malcontent-parental-controls versions,https://repology.org/project/malcontent-parental-controls/versions,search-only,prior art,KDE neon packages 0.10.x,Parental-control tools (Linux)
R02-S54,"linuxmint/linuxmint issue #720 ""No Parental Controls available""",https://github.com/linuxmint/linuxmint/issues/720,search-only,prior art,Earlier request,Parental-control tools (Linux)
R02-S55,Linux Mint Forums: Parental control made easy,https://forums.linuxmint.com/viewtopic.php?t=468768,search-only,prior art,Community demand,Parental-control tools (Linux)
R02-S57,GNOME wiki: Parental Controls and Metered Data hackfest 2019,https://wiki.gnome.org/Hackfests/ParentalAndMetered2019,search-only,prior art,Upstreaming event,Parental-control tools (Linux)
R02-S59,GNOME admin guide: single-application mode,https://help.gnome.org/admin/system-admin-guide/stable/lockdown-single-app-mode.html.en,search-only,prior art,Kiosk reference on GNOME,Parental-control tools (Linux)
R03-S71,GNOME blog: Age rating data for Flathub apps,https://blogs.gnome.org/wjjt/2019/08/08/age-rating-data-for-flathub-apps/,search-only,hardening,OARS/malcontent mechanism,Parental-control tools (Linux)
R07-S60,"Hughes, R. — ""Age Ratings in GNOME Software: Introducing OARS?"" (2016)",https://blogs.gnome.org/hughsie/2016/03/07/age-ratings-in-gnome-software-introducing-oars/,verified,pedagogy,· 2026-09-01 · rationale: upstream self-description + per-country rule engine.,Parental-control tools (Linux)
R08-S72,GCompris `clockgame/ActivityInfo.qml` (KDE Invent raw),https://invent.kde.org/education/gcompris/-/raw/master/src/activities/clockgame/ActivityInfo.qml,verified,learning,Field list.,Parental-control tools (Linux)
R08-S73,GCompris Developers corner wiki,https://invent.kde.org/education/gcompris/-/wikis/Developers-corner,search-only,learning,Only navigation rendered.,Parental-control tools (Linux)
R02-S11,Edubuntu 26.04 LTS Released,https://discourse.ubuntu.com/t/edubuntu-26-04-lts-released/80831,verified,prior art,"GNOME 50, age-group profiles, rewritten tools, RPi5, to Apr 2029",Kids / educational distributions & prior art
R02-S12,Zorin OS Education,https://zorin.com/os/education/,verified,prior art,18.1 Education; Veyon; Kolibri; no parental controls listed,Kids / educational distributions & prior art
R02-S13,ubermix home,https://www.ubermix.org/,verified,prior art,"""20 second quick recovery"", 60+ apps",Kids / educational distributions & prior art
R02-S14,About the ubermix,https://www.ubermix.org/about.html,verified,prior art,"UnionFS three-slice design, Restore Factory Settings, philosophy",Kids / educational distributions & prior art
R02-S15,Ubermix Changelog,https://wiki.ubermix.org/index.php/Ubermix_Changelog,verified,prior art,"Newest 6.06, July 2022, Ubuntu 22.04",Kids / educational distributions & prior art
R02-S16,Debian Edu wiki,https://wiki.debian.org/DebianEdu,verified,prior art,"Bullseye current, Bookworm skipped, Trixie upcoming, LTSP",Kids / educational distributions & prior art
R02-S17,Debian Junior (Pure Blend),https://blends.debian.org/junior/,verified,prior art,Ages up to 8 then 7–12; no dated activity,Kids / educational distributions & prior art
R02-S18,PrimTux,https://primtux.fr/,verified,prior art,"PrimTux 9, age sessions, parental control, QwantJunior, SILL",Kids / educational distributions & prior art
R02-S19,Sugar Labs wiki: Sugar on a Stick,https://wiki.sugarlabs.org/go/Sugar_on_a_Stick,verified,prior art,Says Sugar 0.118 / Fedora 35; last edited 2022-02-16,Kids / educational distributions & prior art
R02-S22,Endless Global: Operating System,https://www.endlessglobal.com/foundation/access/operating-system,verified,prior art,"Debian + OSTree, offline, target users",Kids / educational distributions & prior art
R02-S31,DistroWatch: DoudouLinux,https://distrowatch.com/doudou,search-only,prior art,Discontinued,Kids / educational distributions & prior art
R02-S32,Fedora Sugar on a Stick Spin download,https://fedora.gitlab.io/websites-apps/fedora-websites/fedora-websites-3.0/spins/soas/download/,search-only,prior art,"SoaS 43, 2025-10-28",Kids / educational distributions & prior art
R02-S34,Sugar Labs GSoC 2026 project list (PDF),https://lists.sugarlabs.org/archives/list/sugar-devel@lists.sugarlabs.org/message/XZOFRW3ZFCCNHJHUJZK3HR47ZTKCGLTW/attachment/4/gsoc2026.pdf,search-only,prior art,GTK4 transition project,Kids / educational distributions & prior art
R02-S35,Wikipedia: Edubuntu,https://en.wikipedia.org/wiki/Edubuntu,search-only,prior art,Discontinuation and 2023 revival,Kids / educational distributions & prior art
R02-S36,OMG! Ubuntu: Zorin OS 18.1 released,https://www.omgubuntu.co.uk/2026/04/zorin-os-18-1-released,search-only,prior art,"2026-04-15, Ubuntu 24.04, Lite = Xfce 4.20",Kids / educational distributions & prior art
R02-S37,Endless community: Release Endless OS 6.0.0 and 5.1.3,https://community.endlessos.com/t/release-endless-os-6-0-0-and-5-1-3/22661,search-only,prior art,"2024-05-14, Debian 12",Kids / educational distributions & prior art
R02-S38,Endless community: Release Endless OS 6.0.7,https://community.endlessos.com/t/release-endless-os-6-0-7/23609,search-only,prior art,Nov 2025 point release,Kids / educational distributions & prior art
R02-S39,Endless community: Idea — Add Time Limits to Parental Controls,https://community.endlessos.com/t/idea-add-time-limits-to-parental-controls/22724,search-only,prior art,Real thread id 22724 (blueprint used /12345),Kids / educational distributions & prior art
R02-S40,LVUSD Ubermix Guides,https://docs.lvusd.org/student-laptops/ubermix/,search-only,prior art,District build 7.0lv3,Kids / educational distributions & prior art
R02-S41,PrimTux wiki: présentation du système,https://wiki.primtux.fr/doku.php/presentation_du_systeme,search-only,prior art,mini/super/maxi/prof sessions,Kids / educational distributions & prior art
R02-S42,PrimTux forum: CTParental thread,https://forum.primtux.fr/showthread.php?tid=1545&pid=17588,search-only,prior art,"e2guardian + privoxy, per-user, HTTPS, schedules",Kids / educational distributions & prior art
R02-S53,Kubuntu Forums: Parental Controls re-visited,https://www.kubuntuforums.net/showthread.php/53433-Parental-Controls-re-visited,search-only,prior art,"KDE area ""neglected""",Kids / educational distributions & prior art
R02-S56,endlessm/eos-parental-controls (superseded),https://github.com/endlessm/eos-parental-controls,search-only,prior art,Predecessor of malcontent,Kids / educational distributions & prior art
R02-S60,Distroscout: Best Linux Distros for Kids (2026),https://distroscout.com/usage/kids/,search-only,prior art,No new entrants; recycled list,Kids / educational distributions & prior art
R02-S62,DistroWatch: Endless OS,https://distrowatch.com/endlessos,search-only,prior art,Release tracking,Kids / educational distributions & prior art
R02-S63,Sugar Labs home,https://www.sugarlabs.org/,dead/unverifiable,prior art,Fetch returned no content,Kids / educational distributions & prior art
R02-S64,Debian wiki: DebianJunior,https://wiki.debian.org/DebianJunior,dead/unverifiable,prior art,HTTP 404; blends page used instead,Kids / educational distributions & prior art
R06-S47,Fedora approves AI-assisted contribution policy (ostechnix; The Register),https://ostechnix.com/fedora-ai-contribution-policy/,search-only,process,Approval reported 2025-10-22/23,Kids / educational distributions & prior art
R06-S50,Debian LLM contribution rules / vote (opensourceforu; resultsense),https://www.opensourceforu.com/2026/07/debian-eyes-project-wide-rules-for-llm-contributions/,search-only,process,2026 trend toward disclosure,Kids / educational distributions & prior art
R07-S45,"Tech Age Kids — ""Make and Code your own Laptop with Kano Computer Kit Complete"" (2017)",https://www.techagekids.com/2017/12/kano-computer-kit-complete-hands-on-review.html,verified,pedagogy,· 2026-09-01 · Story Mode; 6+; terminal-style setup a 7-year-old coped with; touch/left-hand criticisms.,Kids / educational distributions & prior art
R07-S46,"DoudouLinux — ""The Activities Menu""",https://www.doudoulinux.org/web/english/documentation-7/configuration-14/article/the-activities-menu.html,verified,pedagogy,"· 2026-09-01 · parent ticks activities; single choice auto-launches; hidden ""Whole"" via typing ""tux"".",Kids / educational distributions & prior art
R08-S90,endlessm/kolibri-explore-plugin (GitHub),https://github.com/endlessm/kolibri-explore-plugin,verified,learning,MIT; /explore; content packs with extra metadata.,Kids / educational distributions & prior art
R08-S91,Endless Key product page,https://www.endlessos.org/key,dead/unverifiable,learning,302 to access.endlessstudios.com (Endless Access game-making programme); Key page gone.,Kids / educational distributions & prior art
R02-S45;R07-S48,Apple Support: Use Screen Time to manage your child's iPhone or iPad,https://support.apple.com/en-us/108806,verified,"pedagogy, prior art","Downtime, App Limits, Communication Limits, Ask to Buy","Mainstream parental-control benchmarks (Apple, Google, Microsoft, Nintendo, Amazon)"
R02-S46,Apple Support: Respond to a child's Screen Time request,https://support.apple.com/guide/ipad/respond-to-a-screen-time-request-ipadde65d7c3/ipados,search-only,prior art,Exception request flow,"Mainstream parental-control benchmarks (Apple, Google, Microsoft, Nintendo, Amazon)"
R02-S47;R07-S50,Microsoft Family Safety,https://www.microsoft.com/en-us/microsoft-365/family-safety,search-only,"pedagogy, prior art","Cross-device limits, filters, spending","Mainstream parental-control benchmarks (Apple, Google, Microsoft, Nintendo, Amazon)"
R02-S48,Microsoft: Family Safety activity reporting,https://support.microsoft.com/en-us/family-safety/view-device-and-app-use-with-family-safety-activity-reporting,search-only,prior art,Weekly reports,"Mainstream parental-control benchmarks (Apple, Google, Microsoft, Nintendo, Amazon)"
R02-S49,Nintendo Support: Parental Controls Features,https://en-americas-support.nintendo.com/app/topics/detail/p/989/c/271,search-only,prior art,"Play-time limit, suspend software, bedtime alarm, ratings, PIN","Mainstream parental-control benchmarks (Apple, Google, Microsoft, Nintendo, Amazon)"
R02-S50;R07-S51,About Amazon: Set parental controls with the Parent Dashboard,https://www.aboutamazon.com/news/devices/set-parental-controls-using-amazon-parent-dashboard,search-only,"pedagogy, prior art","Educational goals gate, bedtime, remote dashboard","Mainstream parental-control benchmarks (Apple, Google, Microsoft, Nintendo, Amazon)"
R04-S12,Google: Keep SafeSearch on for your network (forcesafesearch),https://support.google.com/websearch/answer/186669?hl=en,verified,web safety,CNAME www.google.com → forcesafesearch.google.com; HTTPS preserved (SafeSearch VIP),"Mainstream parental-control benchmarks (Apple, Google, Microsoft, Nintendo, Amazon)"
R04-S13,Google Workspace: Control YouTube content available to users,https://knowledge.workspace.google.com/admin/youtube/control-youtube-content-available-to-users?hl=en,verified,web safety,Redirect target of support.google.com/a/answer/6214622; five CNAME hosts; header alternative,"Mainstream parental-control benchmarks (Apple, Google, Microsoft, Nintendo, Amazon)"
R04-S15,Microsoft: Blocking explicit content with SafeSearch,https://support.microsoft.com/en-us/bing/blocking-explicit-content-with-safesearch,search-only,web safety,strict.bing.com mapping,"Mainstream parental-control benchmarks (Apple, Google, Microsoft, Nintendo, Amazon)"
R04-S67,Google: Watch YouTube Kids on the web,https://support.google.com/youtubekids/answer/9406390?hl=en,verified,web safety,Sign-in optional; content level; web limitations,"Mainstream parental-control benchmarks (Apple, Google, Microsoft, Nintendo, Amazon)"
R04-S68,Google: YouTube Kids system requirements (computers),https://support.google.com/youtubekids/answer/9597907,search-only,web safety,Browser versions,"Mainstream parental-control benchmarks (Apple, Google, Microsoft, Nintendo, Amazon)"
R04-S69,Google: Chrome & your child's Google Account,https://support.google.com/families/answer/7087030?hl=en,verified,web safety,Linux Chrome controls; sign-out caveat; request flow,"Mainstream parental-control benchmarks (Apple, Google, Microsoft, Nintendo, Amazon)"
R04-S80,Bing help (SafeSearch),https://help.bing.microsoft.com/#apex/18/en-US/10003/0,dead/unverifiable,web safety,Rendered only nav,"Mainstream parental-control benchmarks (Apple, Google, Microsoft, Nintendo, Amazon)"
R07-S47,"Google — ""Get started with Family Link""",https://support.google.com/families/answer/7101025?hl=en,verified,pedagogy,· 2026-09-01.,"Mainstream parental-control benchmarks (Apple, Google, Microsoft, Nintendo, Amazon)"
R07-S49,"Nintendo (AU) — ""Parental Controls for Nintendo Switch 2 and Nintendo Switch: Overview & FAQ""",https://www.nintendo.com/au/support/articles/parental-controls-for-nintendo-switch-2-and-nintendo-switch-overview-faq/,verified,pedagogy,· 2026-09-01.,"Mainstream parental-control benchmarks (Apple, Google, Microsoft, Nintendo, Amazon)"
R08-S11,"Duolingo Research Report, ""The Duolingo Method for App-based Teaching and Learning"" (2023-01-11, PDF)",https://duolingo-papers.s3.amazonaws.com/reports/Duolingo_whitepaper_duolingo_method_2023.pdf,verified,learning,"Rewards per exercise/session; streak in Language & Math apps; Literacy app ""daily joke"" instead of streak; Common Core K-2; adult-selected level; leaderboards citing Landers 2017.","Mainstream parental-control benchmarks (Apple, Google, Microsoft, Nintendo, Amazon)"
R08-S14,"EDC, ""Enhancing Literacy Outcomes with Duolingo ABC"" (Jan 2022, PDF)",https://duolingo-papers.s3.amazonaws.com/reports/edc-report-on-duolingo-abc.pdf,verified,learning,"n=105, ages 4–5, 9 weeks, pre/post, PALS-K; dosage predicts; no control group.","Mainstream parental-control benchmarks (Apple, Google, Microsoft, Nintendo, Amazon)"
R05-S21,Flathub appstream API,https://flathub.org/api/v2/appstream/,verified,apps & themes,"(curl, ~70 ids) — Flathub presence/versions; 404 = not found under guessed id.","Apps, games, learning content & themes"
R05-S42,Kiwix catalog,https://get.kiwix.org/en/solutions/catalog/,search-only,apps & themes,"Wikipedia, Khan, TED, PhET, Gutenberg.","Apps, games, learning content & themes"
R05-S43,Best Kiwix ZIMs,https://ostechnix.com/best-kiwix-zim-files/,search-only,apps & themes,Sizes/examples.,"Apps, games, learning content & themes"
R05-S44,Kiwix Hub,https://hub.kiwix.org/,search-only,apps & themes,Download hub.,"Apps, games, learning content & themes"
R05-S57,PICO-8 for schools,https://www.lexaloffle.com/pico-8.php?page=schools,search-only,apps & themes,$3/seat blocks of 10.,"Apps, games, learning content & themes"
R05-S61,Luanti for Education,https://www.luanti.org/en/education/,search-only,apps & themes,.,"Apps, games, learning content & themes"
R05-S62,ContentDB education mods,https://content.luanti.org/packages/?page=1&tag=education&type=mod,search-only,apps & themes,.,"Apps, games, learning content & themes"
R05-S63,Classroom mod,https://forum.luanti.org/viewtopic.php?t=23715,search-only,apps & themes,.,"Apps, games, learning content & themes"
R05-S64,modpack4Edu,https://github.com/minetest4edu/modpack4Edu,search-only,apps & themes,.,"Apps, games, learning content & themes"
R05-S65,minetest-edutest-ui,https://github.com/apienk/minetest-edutest-ui,search-only,apps & themes,.,"Apps, games, learning content & themes"
R07-S39,"MIT News — ""ScratchJr: Coding for kindergarten"" (2014)",https://news.mit.edu/2014/scratchjr-coding-kindergarten,verified,pedagogy,· 2026-09-01 · ages 5-7; pre-readers; MIT/Tufts/PICO.,"Apps, games, learning content & themes"
R08-S61,Kolibri User Guide,https://kolibri.readthedocs.io/en/latest/,verified,learning,Offline-first; channels; Studio; coach reports.,"Apps, games, learning content & themes"
R08-S62,"Kolibri User Guide, ""Import resources""",https://kolibri.readthedocs.io/en/latest/manage/resources.html,verified,learning,"Studio token, LAN peer, USB; selective import.","Apps, games, learning content & themes"
R08-S63,"Kolibri User Guide, ""Learn""",https://kolibri.readthedocs.io/en/latest/learn.html,verified,learning,Points; progress icons; n-in-a-row completion; no leaderboards/streaks.,"Apps, games, learning content & themes"
R08-S64,learningequality/kolibri (GitHub),https://github.com/learningequality/kolibri,verified,learning,MIT; offline-first.,"Apps, games, learning content & themes"
R08-S65,Kolibri Studio User Guide,https://kolibri-studio.readthedocs.io/en/latest/,verified,learning,Channel authoring tool.,"Apps, games, learning content & themes"
R08-S66,"Kolibri Studio, ""Add content""",https://kolibri-studio.readthedocs.io/en/latest/add_content.html,verified,learning,Formats; required metadata; mastery criteria options.,"Apps, games, learning content & themes"
R08-S71,GCompris home,https://gcompris.net/index-en.html,verified,learning,Ages 2–10; 100+ activities; AGPL; KDE.,"Apps, games, learning content & themes"
R08-S74,scratchfoundation/scratchjr (GitHub),https://github.com/scratchfoundation/scratchjr,verified,learning,Ages 5–7; BSD-3-Clause.,"Apps, games, learning content & themes"
R08-S78,"Anki Manual, ""Exporting""",https://docs.ankiweb.net/exporting.html,verified,learning,.apkg contents; scheduling toggle.,"Apps, games, learning content & themes"
R08-S79,"Anki Manual, ""Packaged Decks""",https://docs.ankiweb.net/importing/packaged-decks.html,verified,learning,Import merge by note id; update modes.,"Apps, games, learning content & themes"
R08-S80,"Anki Manual, ""Contributing"" (sharing decks)",https://docs.ankiweb.net/contrib.html,verified,learning,Public via AnkiWeb; private .apkg without scheduling.,"Apps, games, learning content & themes"
R08-S81,AnkiWeb shared decks,https://ankiweb.net/shared/decks,search-only,learning,Page rendered blank to fetcher.,"Apps, games, learning content & themes"
R07-S1,"Common Sense Media — ""AI Companions Decoded: … Recommends AI Companion Safety Standards"" (30 Apr 2025)",https://www.commonsensemedia.org/press-releases/ai-companions-decoded-common-sense-media-recommends-ai-companion-safety-standards,verified,pedagogy,"· 2026-09-01 · ""No social AI companions for young people under 18""; Character.AI/Nomi/Replika tested.","Pedagogy, child development, AI & policy"
R07-S2,Common Sense Media — AI Risk Assessment: Social AI Companions (PDF),https://www.commonsensemedia.org/sites/default/files/pug/csm-ai-risk-assessment-social-ai-companions_final.pdf,search-only,pedagogy,· 2026-09-01 · full report behind S1.,"Pedagogy, child development, AI & policy"
R07-S3,Common Sense Media — AI Risk Assessment: AI Toys (14 Jan 2026) + press release,https://www.commonsensemedia.org/sites/default/files/ai-ratings/csm-ai-risk-assessment-ai-toys-01142026.pdf,search-only,pedagogy,"; https://www.commonsensemedia.org/press-releases/common-sense-media-warns-against-ai-toy-companions-after-research-reveals-safety-risks —  · 2026-09-01 · ""Unacceptable""; avoid ≤5, caution 6-12; 27% inappropriate outputs.","Pedagogy, child development, AI & policy"
R07-S4,Common Sense Media — Meta AI risk assessment (15 Aug 2025),https://www.commonsensemedia.org/sites/default/files/featured-content/files/csm-ai-risk-assessment-metaai-08152025.pdf,search-only,pedagogy,· 2026-09-01.,"Pedagogy, child development, AI & policy"
R07-S5,"FTC — ""FTC Launches Inquiry into AI Chatbots Acting as Companions"" (11 Sep 2025)",https://www.ftc.gov/news-events/news/press-releases/2025/09/ftc-launches-inquiry-ai-chatbots-acting-companions,search-only,pedagogy,(fetch 403) · 2026-09-01 · seven companies named.,"Pedagogy, child development, AI & policy"
R07-S12,"European Commission — ""Commission publishes guidelines on the protection of minors"" (14 Jul 2025)",https://digital-strategy.ec.europa.eu/en/library/commission-publishes-guidelines-protection-minors,verified,pedagogy,"· 2026-09-01 · age assurance, private defaults, streaks/autoplay/push off, parental controls, AV app prototype.","Pedagogy, child development, AI & policy"
R07-S16,"eSafety Commissioner (AU) — ""Social media age restrictions""",https://www.esafety.gov.au/about-us/industry-regulation/social-media-age-restrictions,search-only,pedagogy,(fetch timed out) · 2026-09-01 · from 10 Dec 2025; 4.7 M accounts removed.,"Pedagogy, child development, AI & policy"
R07-S17,"eSafety — ""Social media 'ban' or delay FAQs""",https://www.esafety.gov.au/about-us/industry-regulation/social-media-age-restrictions/faqs,search-only,pedagogy,(timed out) · 2026-09-01 · no penalties for under-16s or parents.,"Pedagogy, child development, AI & policy"
R07-S18,"Reed Smith — ""UK Online Safety Act: Ofcom updates children's codes and guidance""; Ofcom statement vol. 1 (24 Apr 2025)",https://www.reedsmith.com/articles/uk-online-safety-act-ofcom-updates-childrens-codes-and-guidance/,search-only,pedagogy,; https://www.ofcom.org.uk/siteassets/resources/documents/consultations/category-1-10-weeks/statement-protecting-children-from-harms-online/main-document/volume-1-overview-scope-and-regulatory-approach.pdf?v=396663 —  · 2026-09-01 · risk assessments by 24 Jul 2025; duties from 25 Jul 2025.,"Pedagogy, child development, AI & policy"
R07-S27,"AAP — ""Understanding the New AAP Digital Media Guidelines"" (Center of Excellence on Social Media and Youth Mental Health; page updated 20 Jan 2026)",https://www.aap.org/en/patient-care/media-and-children/center-of-excellence-on-social-media-and-youth-mental-health/understanding-the-new-AAP-digital-media-guidelines/,verified,pedagogy,"· 2026-09-01 · socio-ecological framing; note: exact publication date of the policy differs between AAP pages (Jan vs Jun 2026) — treat as ""2026"".","Pedagogy, child development, AI & policy"
R07-S28,"AAP — ""Media and Young Minds"", Pediatrics 138(5) 2016",https://publications.aap.org/pediatrics/article/138/5/e20162591/60503/Media-and-Young-Minds,search-only,pedagogy,· 2026-09-01 · ≤1 h/day for 2-5; video-chat only <18 mo; revised version DOI 10.1542/peds.2025-075320 noted in search.,"Pedagogy, child development, AI & policy"
R07-S29,"Common Sense Media — ""The 2025 Common Sense Census: Media Use by Kids Zero to Eight"" (26 Feb 2025)",https://www.commonsensemedia.org/research/the-2025-common-sense-census-media-use-by-kids-zero-to-eight,verified,pedagogy,· 2026-09-01.,"Pedagogy, child development, AI & policy"
R07-S30,"Common Sense Media press release — ""Digital Childhood Starts at Age Two…""",https://www.commonsensemedia.org/press-releases/digital-childhood-starts-at-age-two-landmark-study-shows-evolution-of-young-childrens-media-use,search-only,pedagogy,· 2026-09-01 · 51% own device by 8; 1 in 5 use devices for bedtime/meals/emotions; ~⅓ used AI for learning.,"Pedagogy, child development, AI & policy"
R07-S40,"Raspberry Pi Foundation — ""2025 highlights from the Raspberry Pi Computing Education Research Centre""",https://www.raspberrypi.org/blog/2025-highlights-from-the-raspberry-pi-computing-education-research-centre/,verified,pedagogy,· 2026-09-01 · EPICS; PRIMM Debug; younger learners' trial-and-error debugging.,"Pedagogy, child development, AI & policy"
R07-S41,"Raspberry Pi Foundation — ""Teaching programming in schools: a review of approaches and strategies"" (2021, PDF)",https://www.raspberrypi.org/app/uploads/2021/11/Teaching-programming-in-schools-pedagogy-review-Raspberry-Pi-Foundation.pdf,search-only,pedagogy,· 2026-09-01.,"Pedagogy, child development, AI & policy"
R07-S54,"ICO — ""Introduction to the Children's code"" / Age appropriate design code",https://ico.org.uk/for-organisations/uk-gdpr-guidance-and-resources/childrens-information/childrens-code-guidance-and-resources/introduction-to-the-childrens-code/,search-only,pedagogy,(fetch 403) · 2026-09-01 · 15 standards; in force 2 Sep 2021; bands 0-5/6-9/10-12/13-15/16-17.,"Pedagogy, child development, AI & policy"
R07-S56,"UNICEF Innocenti — ""Policy guidance on AI for children 2.0"" (2021) and ""Guidance on AI and Children (v3): Checklist"" (2025)",https://www.unicef.org/innocenti/media/1341/file/UNICEF-Global-Insight-policy-guidance-AI-children-2.0-2021.pdf,search-only,pedagogy,; https://www.unicef.org/innocenti/media/11996/file/UNICEF-Innocenti-Guidance-on-AI-and-Children-3-Checklist-2025.pdf —  (fetch 403) · 2026-09-01 · nine requirements (2.0); ten in v3.,"Pedagogy, child development, AI & policy"
R07-S57,"5Rights Foundation — ""Updated report: Disrupted Childhood: The cost of persuasive design"" (2023)",https://5rightsfoundation.com/resource/updated-report-disrupted-childhood-the-cost-of-persuasive-design/,verified,pedagogy,· 2026-09-01.,"Pedagogy, child development, AI & policy"
R07-S58,"ACM — ""Growing Up With Dark Patterns: How Children Perceive Malicious…"" (2024)",https://dl.acm.org/doi/fullHtml/10.1145/3679318.3685358,search-only,pedagogy,(fetch 403) · 2026-09-01 · ~half spot trick questions/emotional manipulation; confirmshaming less.,"Pedagogy, child development, AI & policy"
R07-S65,"Common Sense Media — ""How We Rate and Review"" (+ by-age pages)",https://www.commonsensemedia.org/about-us/our-mission/about-our-ratings,search-only,pedagogy,· 2026-09-01.,"Pedagogy, child development, AI & policy"
R07-S66,"NAEYC/Fred Rogers Center — ""Technology and Interactive Media as Tools in Early Childhood Programs Serving Children from Birth through Age 8"" (2012) + Key Messages",https://www.naeyc.org/sites/default/files/globally-shared/downloads/PDFs/resources/position-statements/ps_technology.pdf,search-only,pedagogy,; https://www.naeyc.org/files/naeyc/file/positions/KeyMessages_Technology.pdf —  (fetch 403) · 2026-09-01.,"Pedagogy, child development, AI & policy"
R07-S67,"Druin, A. — ""Cooperative inquiry: developing new technologies for children with children"", CHI '99; HCIL KidsTeam",https://dl.acm.org/doi/10.1145/302979.303166,search-only,pedagogy,; https://hcil.umd.edu/children-as-design-partners/ —  · 2026-09-01 · design partners ~7-11.,"Pedagogy, child development, AI & policy"
R08-S58,"Kim & Castelli 2021, ""Effects of Gamification on Behavioral Change in Education"", IJERPH (PMC)",https://pmc.ncbi.nlm.nih.gov/articles/PMC8037535/,verified,learning,18 studies; <1h ES 1.57; multi-year −0.20.,"Pedagogy, child development, AI & policy"
R06-S1,rust-lang/rfcs README,https://github.com/rust-lang/rfcs/blob/master/README.md,verified,process,"10-day FCP; PR-number naming; sub-team sign-off; ""postponed""","OSS governance, process & repo practice"
R06-S2,reactjs/rfcs README,https://github.com/reactjs/rfcs/blob/main/README.md,verified,process,0000 placeholder; 3-day FCP; list of non-RFC changes,"OSS governance, process & repo practice"
R06-S3,kubernetes/enhancements keps/README,https://github.com/kubernetes/enhancements/blob/master/keps/README.md,verified,process,kep.yaml statuses; number = tracking issue,"OSS governance, process & repo practice"
R06-S4,TC39 Process Document,https://tc39.es/process-document/,verified,process,Stages 0–4 incl. 2.7; champions; consensus,"OSS governance, process & repo practice"
R06-S6,home-assistant/architecture README,https://github.com/home-assistant/architecture/blob/master/README.md,verified,process,Discussions → ADR; stay on topic,"OSS governance, process & repo practice"
R06-S7,home-assistant/architecture adr/,https://github.com/home-assistant/architecture/tree/master/adr,verified,process,0001–0022 sequential ADRs,"OSS governance, process & repo practice"
R06-S8,withastro/roadmap README,https://github.com/withastro/roadmap/blob/main/README.md,verified,process,4 stages; Discussions→Issues→PRs; TSC vote,"OSS governance, process & repo practice"
R06-S10,GitHub Docs: default community health file,https://docs.github.com/en/communities/setting-up-your-project-for-healthy-contributions/creating-a-default-community-health-file,verified,process,Supported files; precedence; org .github; no default LICENSE,"OSS governance, process & repo practice"
R06-S11,GitHub Docs: syntax for issue forms,https://docs.github.com/en/communities/using-templates-to-encourage-useful-issues-and-pull-requests/syntax-for-issue-forms,verified,process,"Keys, body types, attributes, config.yml","OSS governance, process & repo practice"
R06-S12,GitHub Docs: discussion category forms,https://docs.github.com/en/discussions/managing-discussions-for-your-community/creating-discussion-category-forms,verified,process,`.github/DISCUSSION_TEMPLATE/<slug>.yml`; no polls,"OSS governance, process & repo practice"
R06-S13,GitHub Docs: private vulnerability reporting,https://docs.github.com/en/code-security/security-advisories/working-with-repository-security-advisories/configuring-private-vulnerability-reporting-for-a-repository,verified,process,Enable path; reporter flow; notifications,"OSS governance, process & repo practice"
R06-S14,GitHub Docs: understanding fields (Projects),https://docs.github.com/en/issues/planning-and-tracking-with-projects/understanding-fields,verified,process,Text/number/date/single-select/iteration; issue type; sub-issue progress,"OSS governance, process & repo practice"
R06-S15,GitHub Docs: about code owners,https://docs.github.com/en/repositories/managing-your-repositorys-settings-and-features/customizing-your-repository/about-code-owners,verified,process,Locations; last match wins; 3 MB; any-owner approval,"OSS governance, process & repo practice"
R06-S16,GitHub Docs: about rulesets,https://docs.github.com/en/repositories/configuring-branches-and-merges-in-your-repository/managing-rulesets/about-rulesets,verified,process,Stackable; Active/Disabled; plan wording ambiguous for Free public repos,"OSS governance, process & repo practice"
R06-S17,GitHub Docs: creating rulesets for a repository,https://docs.github.com/en/repositories/configuring-branches-and-merges-in-your-repository/managing-rulesets/creating-rulesets-for-a-repository,verified,process,Evaluate status for metadata rules; org rulesets Team/Enterprise,"OSS governance, process & repo practice"
R06-S18,GitHub Docs: adding a security policy,https://docs.github.com/en/code-security/getting-started/adding-a-security-policy-to-your-repository,verified,process,Supported versions + how to report,"OSS governance, process & repo practice"
R06-S19,GitHub Docs: about discussions,https://docs.github.com/en/discussions/collaborating-with-your-community-using-discussions/about-discussions,verified,process,Open-ended; convert issues; pin/lock/labels,"OSS governance, process & repo practice"
R06-S20,GitHub Docs: managing categories for discussions,https://docs.github.com/en/discussions/managing-discussions-for-your-community/managing-categories-for-discussions,verified,process,Six defaults; formats; 25-category cap,"OSS governance, process & repo practice"
R06-S21,GitHub Docs: community profiles,https://docs.github.com/en/communities/setting-up-your-project-for-healthy-contributions/about-community-profiles-for-public-repositories,verified,process,Checklist items; Insights → Community Standards,"OSS governance, process & repo practice"
R06-S22,MADR homepage,https://adr.github.io/madr/,verified,process,MADR 4.0.0 (2024-09-17); NNNN naming; MIT/CC0,"OSS governance, process & repo practice"
R06-S24,Contributor Covenant 3.0,https://www.contributor-covenant.org/version/3/0/code_of_conduct/,verified,process,Sections; enforcement ladder; CC BY-SA 4.0,"OSS governance, process & repo practice"
R06-S25,Contributor Covenant homepage,https://www.contributor-covenant.org/,verified,process,"Nav labels 3.0 ""Latest Version""; 40+ translations","OSS governance, process & repo practice"
R06-S26,Developer Certificate of Origin 1.1,https://developercertificate.org/,verified,process,Four certifications; sign-off record kept indefinitely,"OSS governance, process & repo practice"
R06-S27,choosealicense: CC-BY-4.0,https://choosealicense.com/licenses/cc-by-4.0/,verified,process,"""Not recommended for software""; SPDX CC-BY-4.0","OSS governance, process & repo practice"
R06-S28,opensource.guide: Leadership and Governance,https://opensource.guide/leadership-and-governance/,verified,process,BDFL/meritocracy/liberal; write GOVERNANCE.md early,"OSS governance, process & repo practice"
R06-S32,QEMU: Code provenance (AI-generated content),https://www.qemu.org/docs/master/devel/code-provenance.html,verified,process,Declines AI-generated contributions; DCO rationale,"OSS governance, process & repo practice"
R06-S38,GitHub Docs: about fields (Projects),https://docs.github.com/en/issues/planning-and-tracking-with-projects/understanding-fields/about-fields,dead/unverifiable,process,HTTP 404; superseded by S14,"OSS governance, process & repo practice"
R06-S45,all-contributors bot usage,https://allcontributors.org/docs/en/bot/usage,search-only,process,`@all-contributors please add`,"OSS governance, process & repo practice"
R06-S46,all-contributors specification,https://allcontributors.org/specification/,search-only,process,Emoji key,"OSS governance, process & repo practice"
R06-S49,Linuxiac: QEMU may relax AI ban,https://linuxiac.com/qemu-may-relax-its-ban-on-ai-generated-contributions/,search-only,process,Disclosure-based relaxation under discussion,"OSS governance, process & repo practice"
R06-S59,lycheeverse/lychee-action README; .lycheeignore,https://github.com/lycheeverse/lychee-action/blob/master/README.md,search-only,process,Regex per line; workingDirectory,"OSS governance, process & repo practice"
R06-S60,DavidAnson/markdownlint-cli2,https://github.com/DavidAnson/markdownlint-cli2,search-only,process,`.markdownlint-cli2.jsonc` recommended,"OSS governance, process & repo practice"
R06-S63,GitHub Community Code of Conduct,https://docs.github.com/en/site-policy/github-terms/github-community-code-of-conduct,search-only,process,Platform-level baseline,"OSS governance, process & repo practice"
R06-S67,Contributor Covenant 3.0 Markdown,https://www.contributor-covenant.org/version/3/0/code_of_conduct/code_of_conduct.md,search-only,process,Linked from S24; not fetched,"OSS governance, process & repo practice"
R01-S49;R03-S63,"HN comment on Omarchy login (no display manager, LUKS as password)",https://news.ycombinator.com/item?id=45247299,search-only,"hardening, platform","v3-era description of ""seamless login""",Other / secondary coverage
R01-S52;R03-S68,"DHH on X: ""The road map for Omarchy 4.1 is already several man years...""",https://x.com/dhh/status/2089630095010889953,search-only,"hardening, platform",4.1 roadmap; multi-user claim relies on #532 comment,Other / secondary coverage
R01-S53,"DHH on X: ""Omarchy Quattro is out!!""",https://x.com/dhh/status/2088304854603047019,search-only,platform,Launch announcement,Other / secondary coverage
R01-S62,Voxtype,https://voxtype.io/,search-only,platform,Linked from manual,Other / secondary coverage
R02-S20,Wikipedia: Sugar (desktop environment),https://en.wikipedia.org/wiki/Sugar_(desktop_environment),verified,prior art,0.121 2024-02-06; Journal; Home/Group/Neighborhood; Sugarizer; SFC,Other / secondary coverage
R02-S21,Wikipedia: DoudouLinux,https://en.wikipedia.org/wiki/DoudouLinux,verified,prior art,"Debian/LXDE, DansGuardian, 2.1 Dec 2013, inactive",Other / secondary coverage
R02-S51,Starry Hope: Family Link on a Chromebook (2026),https://www.starryhope.com/chromebooks/family-link-chromebook-parental-controls-2026/,search-only,prior art,"Per-device limits, app approval, three filter postures",Other / secondary coverage
R03-S33,Limine CONFIG.md (v12.x),https://github.com/Limine-Bootloader/Limine/blob/v12.x/CONFIG.md,verified,hardening,"editor_enabled, hash_mismatch_panic; no password option",Other / secondary coverage
R03-S54,"Hyprland wiki (source: hyprwm/hyprland-wiki) — Permissions, Binds, Flags, Submaps, Dispatchers, Window rules, Config options, Lua utilities, Global binds",https://wiki.hypr.land/Configuring/Advanced-and-Cool/Permissions/,verified,hardening,Lua API; permission types; option defaults,Other / secondary coverage
R03-S57,Bash Reference Manual — The Restricted Shell (bashref.texi),https://git.savannah.gnu.org/cgit/bash.git/plain/doc/bashref.texi,verified,hardening,Restriction list and script caveat,Other / secondary coverage
R03-S61,Phoronix: Hyprland 0.49 Released,https://www.phoronix.com/news/Hyprland-0.49-Released,search-only,hardening,Version attribution,Other / secondary coverage
R03-S66,CachyOS forum: Prevent Ctrl+Alt+F1 … disable VT switch,https://discuss.cachyos.org/t/prevent-ctrl-alt-f1-from-freezing-screen-disable-vt-switch-completely/10173,search-only,hardening,Community precedent,Other / secondary coverage
R03-S70,tecnocode: Parental controls web filtering backend (2025-11),https://tecnocode.co.uk/2025/11/27/parental-controls-web-filtering-backend/,search-only,hardening,malcontent direction,Other / secondary coverage
R04-S9,CleanBrowsing filters,https://cleanbrowsing.org/filters/,verified,web safety,"Family/Adult/Security IPs, DoH/DoT; SafeSearch + YT restricted; VPN/proxy blocking",Other / secondary coverage
R04-S14,DuckDuckGo Safe Search help,https://duckduckgo.com/duckduckgo-help-pages/features/safe-search/,verified,web safety,safe.duckduckgo.com CNAME; kp param,Other / secondary coverage
R04-S16,CleanBrowsing: How to enforce SafeSearch with DNS filtering,https://cleanbrowsing.org/articles/how-to-enforce-safesearch-with-dns-filtering,search-only,web safety,Bing/edgeservices mapping,Other / secondary coverage
R04-S28,NetworkManager nm-settings-nmcli,https://networkmanager.dev/docs/api/latest/nm-settings-nmcli.html,verified,web safety,"ipv4.dns, ignore-auto-dns, dns-priority, connection.permissions",Other / secondary coverage
R04-S47,Chromium policy_definitions (YAML source),https://github.com/chromium/chromium/tree/main/components/policy/resources/templates/policy_definitions,verified,web safety,"DnsOverHttpsMode, ForceYouTubeRestrict, ForceGoogleSafeSearch, URLBlocklist/Allowlist, Incognito, DevTools, ExtensionInstall*, DownloadRestrictions, BrowserSignin, SafeBrowsingProtectionLevel",Other / secondary coverage
R04-S51,Brave: Group Policy,https://support.brave.app/hc/en-us/articles/360039248271-Group-Policy,search-only,web safety,/etc/brave/policies/managed; Chromium policies supported,Other / secondary coverage
R04-S62,"Netgate forum: Blocking DNS over HTTPS (""shotgun"")",https://forum.netgate.com/topic/157500/blocking-dns-over-https-seems-the-only-way-is-to-fire-a-shotgun-at-it,search-only,web safety,Anycast/shared-IP problem,Other / secondary coverage
R04-S63,AdGuard Home openapi.yaml,https://raw.githubusercontent.com/AdguardTeam/AdGuardHome/master/openapi/openapi.yaml,verified,web safety,/control/protection duration; clients; safesearch; blocked_services schedule; querylog,Other / secondary coverage
R04-S70,YouTube Terms of Service,https://www.youtube.com/t/terms,verified,web safety,No download/automated access without permission,Other / secondary coverage
R04-S71,Pinchflat README,https://github.com/kieraneglin/pinchflat,verified,web safety,yt-dlp; single container; Plex/Jellyfin/Kodi; stability caveat,Other / secondary coverage
R04-S72,Tube Archivist,https://git.tubearchivist.com/tubearchivist/tubearchivist,search-only,web safety,Three containers; kids-use anecdotes,Other / secondary coverage
R04-S75,NSFW Filter extension,https://github.com/nsfw-filter/nsfw-filter,verified,web safety,Local TF.js; ViT-384; v3.0.0; Chrome,Other / secondary coverage
R04-S76,nsfwjs,https://github.com/infinitered/nsfwjs,search-only,web safety,Client-side classifier,Other / secondary coverage
R05-S5,vinegarhq/sober,https://github.com/vinegarhq/sober,verified,apps & themes,"Issue-tracker repo; ""Not affiliated with Roblox""; 1.1k stars.",Other / secondary coverage
R05-S13,Free Software Mascots,https://jxself.org/mascots.shtml,verified,apps & themes,"Lists GNU, Freedo, Wilber, Konqi; no license detail.",Other / secondary coverage
R05-S14,Sober site,https://sober.vinegarhq.org/,verified,apps & themes,"flatpak id org.vinegarhq.Sober; unofficial, closed-source, may be discontinued.",Other / secondary coverage
R05-S17,Konqi by Tyson Tan,https://commons.wikimedia.org/wiki/File:KDE_Mascot_Konqi_by_Tyson_Tan.png,verified,apps & themes,CC BY-SA 4.0 / LGPL 2.1+.,Other / secondary coverage
R05-S18,Tux.svg,https://commons.wikimedia.org/wiki/File:Tux.svg,verified,apps & themes,Ewing permission with attribution; LeSage CC0.,Other / secondary coverage
R05-S26,Roblox on Linux 2026 guide,https://caniplayonlinux.com/guides/roblox-on-linux/,search-only,apps & themes,Sober wraps Android build; x86 only; no Studio.,Other / secondary coverage
R05-S27,Sober issues,https://github.com/vinegarhq/sober/issues,search-only,apps & themes,Active bug flow Aug 2026.,Other / secondary coverage
R05-S28,mcpelauncher-manifest issue #1707,https://github.com/minecraft-linux/mcpelauncher-manifest/issues/1707,search-only,apps & themes,"""cave full of tnt"" DRM warning (2026-02-22); latest Play version unsupported.",Other / secondary coverage
R05-S29,mcpelauncher releases,https://github.com/minecraft-linux/mcpelauncher-manifest/releases,search-only,apps & themes,v1.7.6 2026-06-25.,Other / secondary coverage
R05-S30,Playing Minecraft on Linux,https://minecraft.wiki/w/Tutorial:Playing_Minecraft_on_Linux,search-only,apps & themes,Bedrock requires Google Play purchase.,Other / secondary coverage
R05-S31,Steam Families guide,https://steamdb.com/en/articles/steam-family-sharing-complete-guide,search-only,apps & themes,"Child accounts, playtime limits.",Other / secondary coverage
R05-S32,Steam parental controls,https://www.internetmatters.org/parental-controls/gaming-consoles/steam/,search-only,apps & themes,Family View PIN steps.,Other / secondary coverage
R05-S33,3 command line games,https://opensource.com/article/19/10/learn-bash-command-line-games,search-only,apps & themes,Bashcrawl description.,Other / secondary coverage
R05-S34,notklaatu/bashcrawl,https://github.com/notklaatu/bashcrawl,search-only,apps & themes,GitHub mirror.,Other / secondary coverage
R05-S35,5 games for learning Linux,https://devopschops.com/blog/games-for-learning-linux/,search-only,apps & themes,Bashcrawl → Command Challenge → Bandit → CLI Murders path.,Other / secondary coverage
R05-S39,GIMP linking page,https://www.gimp.org/about/linking.html,search-only,apps & themes,Wilber SVG CC BY-SA 4.0 (Aryeom Han).,Other / secondary coverage
R05-S40,Category:Free software mascots,https://commons.wikimedia.org/wiki/Category:Free_software_mascots,search-only,apps & themes,Source for further mascot license checks.,Other / secondary coverage
R05-S41,Tyson Tan,https://en.wikipedia.org/wiki/Tyson_Tan,search-only,apps & themes,Konqi/Kiki artist; free-licensed work.,Other / secondary coverage
R05-S51,"Jellyfin ""max parental rating does not filter NR""",https://forum.jellyfin.org/t-solved-maximum-allowed-parental-rating-does-not-filter-nr-content,search-only,apps & themes,Block-unrated fixed in 10.11.0.,Other / secondary coverage
R05-S52,Jellyfin multi-user & parental controls guide 2026,https://jellywatch.app/blog/jellyfin-multi-user-parental-controls-guide-2026,search-only,apps & themes,Tag blocking.,Other / secondary coverage
R05-S53,Jellyfin issue #13338,https://github.com/jellyfin/jellyfin/issues/13338,search-only,apps & themes,Custom rating vs parental rating.,Other / secondary coverage
R05-S54,jfo8000/ScratchJr-Desktop,https://github.com/jfo8000/ScratchJr-Desktop/,search-only,apps & themes,Community Mac/Win port.,Other / secondary coverage
R05-S56,Offline Hedy wiki,https://github.com/hedyorg/hedy/wiki/Offline-Hedy,search-only,apps & themes,Offline zip is Windows.,Other / secondary coverage
R05-S58,PICO-8 Education Edition for Web,https://www.lexaloffle.com/bbs/?tid=47278,search-only,apps & themes,Free browser edition; $15 desktop.,Other / secondary coverage
R05-S59,Best dyslexia fonts 2026,https://focusflowapp.in/blog/best-dyslexia-fonts-for-web,search-only,apps & themes,OFL for OpenDyslexic/Lexend; Atkinson under Braille Institute license.,Other / secondary coverage
R05-S60,Highly legible fonts,https://chris.bur.gs/highly-legible-fonts/,search-only,apps & themes,.,Other / secondary coverage
R05-S66,ScummVM Games,https://www.scummvm.org/games/,search-only,apps & themes,11 freeware titles.,Other / secondary coverage
R05-S67,ROMs and abandonware law,https://www.somethingawful.com/video-game-article/rom-abandonware-law/,search-only,apps & themes,.,Other / secondary coverage
R05-S68,Abandonware,https://en.wikipedia.org/wiki/Abandonware,search-only,apps & themes,No legal abandonware status.,Other / secondary coverage
R05-S69,ExOv5 on Internet Archive,https://archive.org/details/exov5_2,search-only,apps & themes,Gray-area distribution; do not bundle.,Other / secondary coverage
R06-S5,PEP 1,https://peps.python.org/pep-0001/,verified,process,Vet ideas publicly first; sponsors; statuses; required sections,Other / secondary coverage
R06-S9,NixOS/rfcs README,https://github.com/NixOS/rfcs/blob/master/README.md,verified,process,Shepherd team; SC; FCP motion to end unproductive debate,Other / secondary coverage
R06-S23,MADR template (develop),https://github.com/adr/madr/blob/develop/template/adr-template.md,verified,process,Full template text captured,Other / secondary coverage
R06-S29,Diátaxis,https://diataxis.fr/,verified,process,Four doc types,Other / secondary coverage
R06-S33,Rust Foundation Trademark Policy,https://rustfoundation.org/policy/rust-trademark-policy/,verified,process,Repo names OK for compatibility; no appearance of official status,Other / secondary coverage
R06-S34,REUSE tutorial,https://reuse.software/tutorial/,verified,process,SPDX headers; LICENSES/; reuse lint,Other / secondary coverage
R06-S35,Linux kernel: AI Coding Assistants,https://docs.kernel.org/process/coding-assistants.html,verified,process,`Assisted-by: LLM [TOOL]`; AI must not sign off DCO,Other / secondary coverage
R06-S36,LWN: Fedora floats AI-assisted contributions policy,https://lwn.net/Articles/1039623/,verified,process,Three principles; opt-in AI features; draft status as of Oct 2025,Other / secondary coverage
R06-S37,W3C WAI: Developing an Accessibility Statement,https://www.w3.org/WAI/planning/statements/,verified,process,Minimum contents; plain-language guidance,Other / secondary coverage
R06-S39,EndBug/label-sync,https://github.com/EndBug/label-sync,search-only,process,Action; YAML/JSON config; global+local sets,Other / secondary coverage
R06-S40,r7kamura/github-label-sync-action,https://github.com/r7kamura/github-label-sync-action,search-only,process,`.github/labels.yml`; `allow_added_labels`,Other / secondary coverage
R06-S41,Financial-Times/github-label-sync,https://github.com/Financial-Times/github-label-sync,search-only,process,Underlying CLI,Other / secondary coverage
R06-S42,dcoapp/app README,https://github.com/dcoapp/app/blob/main/README.md,search-only,process,DCO GitHub App; `.github/dco.yml`,Other / secondary coverage
R06-S43,open-gitops discussion: DCO app shutdown warning,https://github.com/open-gitops/project/discussions/27,search-only,process,Reason to keep a fallback Action,Other / secondary coverage
R06-S44,GitHub Changelog: require sign-off on web commits,https://github.blog/changelog/2022-06-07-admins-can-require-sign-off-on-web-based-commits/,search-only,process,Repo setting,Other / secondary coverage
R06-S48,"All Things Open: ""Assisted-by"" trailer standard",https://allthingsopen.org/articles/open-source-ai-contributions-assisted-by-git-trailer-standard,search-only,process,Survey of project policies,Other / secondary coverage
R06-S51,GitHub Community discussion: 13-year minimum age,https://github.com/orgs/community/discussions/44742,search-only,process,GitHub ToS: users must be ≥13,Other / secondary coverage
R06-S52,Discord Terms of Service,https://discord.com/terms,search-only,process,≥13 and local minimum age,Other / secondary coverage
R06-S62,W3C WAI accessibility statement generator,https://www.w3.org/WAI/planning/statements/generator/,search-only,process,Linked from S37,Other / secondary coverage
R06-S64,assisted-by.dev,https://assisted-by.dev/,search-only,process,Tracks kernel Assisted-by adoption,Other / secondary coverage
R06-S65,Rocky Linux AI-assisted contribution policy,https://docs.rockylinux.org/10/guides/contribute/ai-contribution-policy/,search-only,process,Disclosure model,Other / secondary coverage
R06-S66,OpenSSF wg-vulnerability-disclosures: AI-slop best practices issue,https://github.com/ossf/wg-vulnerability-disclosures/issues/178,search-only,process,AI-generated report handling,Other / secondary coverage
R07-S6,"DLA Piper — ""AI companion bots: Top points from recent FTC and government actions"" (Sep 2025)",https://www.dlapiper.com/en-us/insights/publications/2025/09/ftc-ai-chatbots,verified,pedagogy,"· 2026-09-01 · lists 6(b) topics, SB 243 summary, 44-AG letter.",Other / secondary coverage
R07-S7,"Hunton — ""COPPA Rule Amendment Compliance Deadline Approaches""",https://www.hunton.com/privacy-and-cybersecurity-law-blog/coppa-rule-amendment-compliance-deadline-approaches,verified,pedagogy,· 2026-09-01 · compliance 22 Apr 2026; three key changes.,Other / secondary coverage
R07-S8,"Latham & Watkins — ""FTC Publishes Updates to COPPA Rule""",https://www.lw.com/en/insights/ftc-publishes-updates-to-coppa-rule,search-only,pedagogy,· 2026-09-01 · Fed. Reg. 22 Apr 2025; effective 23 Jun 2025.,Other / secondary coverage
R07-S9,"Cooley — ""NetChoice v. Bonta: Ninth Circuit Narrows Injunction…"" (30 Mar 2026)",https://www.cooley.com/news/insight/2026/2026-03-30-netchoice-v-bonta-ninth-circuit-narrows-injunction-against-californias-ageappropriate-design-code-act,verified,pedagogy,· 2026-09-01 · 12 Mar 2026 decision; which provisions enjoined/cleared.,Other / secondary coverage
R07-S10,"Wiley — ""Injunction on California AADC Partially Vacated—Key Provisions May Take Effect on April 2""",https://www.wiley.law/alert-Injunction-on-California-AADC-Partially-Vacated-Key-Provisions-May-Take-Effect-on-April-2,search-only,pedagogy,· 2026-09-01 · mandate 3 Apr 2026.,Other / secondary coverage
R07-S11,"Ninth Circuit opinion, NetChoice v. Bonta (12 Mar 2026, PDF)",https://netchoice.org/wp-content/uploads/2026/03/NetChoiice-v-Bonta-Ruling-Ninth-Circuit-March-12-2026.pdf,search-only,pedagogy,· 2026-09-01.,Other / secondary coverage
R07-S13,"Privacy World (Squire Patton Boggs) — ""Federal Judge Enjoins Enforcement of Texas App Store Age Verification Law"" (Dec 2025)",https://www.privacyworld.blog/2025/12/federal-judge-enjoins-enforcement-of-texas-app-store-age-verification-law/,verified,pedagogy,· 2026-09-01 · injunction 23 Dec 2025; SB 2420 effective 1 Jan 2026.,Other / secondary coverage
R07-S14,"Alston & Bird — ""Challenge to Utah's App Store Accountability Act Voluntarily Dismissed…""",https://www.alstonprivacy.com/challenge-to-utahs-app-store-accountability-act-voluntarily-dismissed-following-statutory-amendments/,verified,pedagogy,· 2026-09-01 · HB 498; effective 6 May 2027; dismissal 21 Apr 2026.,Other / secondary coverage
R07-S15,Future of Privacy Forum — TX/UT/LA App Store Accountability Act comparison chart (Jun 2026),https://fpf.org/wp-content/uploads/2026/06/FPF-Legislation-TX-UT-LA-App-Store-Accountability-Act-Comparison-Chart.pdf,search-only,pedagogy,· 2026-09-01.,Other / secondary coverage
R07-S19,"CNN — ""Character.AI and Google agree to settle lawsuits over teen mental health"" (7 Jan 2026)",https://www.cnn.com/2026/01/07/business/character-ai-google-settle-teen-suicide-lawsuit,search-only,pedagogy,(fetch 451) · 2026-09-01.,Other / secondary coverage
R07-S20,"Bloomberg Law — ""Character.AI, Google Agree to Settle Teen Chatbot Harm Lawsuits""",https://news.bloomberglaw.com/litigation/character-ai-google-agree-to-settle-teen-chatbot-harm-lawsuits,search-only,pedagogy,· 2026-09-01 · five families.,Other / secondary coverage
R07-S21,"Wikipedia — ""Raine v. OpenAI""",https://en.wikipedia.org/wiki/Raine_v._OpenAI,search-only,pedagogy,· 2026-09-01 · filed Aug 2025; pretrial as of mid-2026.,Other / secondary coverage
R07-S22,"CNN — ""After a wave of lawsuits, Character.AI will no longer let teens…"" (29 Oct 2025); TechCrunch same day; CNBC (24 Nov 2025)",https://www.cnn.com/2025/10/29/tech/character-ai-teens-under-18-app-changes,search-only,pedagogy,; https://techcrunch.com/2025/10/29/character-ai-is-killing-the-chatbot-experience-for-minors/ ; https://www.cnbc.com/2025/11/24/characterai-to-ban-teens-from-open-ended-chats-human-interaction-is-crucial-psychotherapist-says.html —  · 2026-09-01 · open-ended chat ended for <18 from 24-25 Nov 2025.,Other / secondary coverage
R07-S23,"CNBC — ""OpenAI to launch ChatGPT for teens with parental controls"" (16 Sep 2025); TechCrunch (19 Dec 2025)",https://www.cnbc.com/2025/09/16/openai-chatgpt-teens-parent.html,search-only,pedagogy,; https://techcrunch.com/2025/12/19/openai-adds-new-teen-safety-rules-to-models-as-lawmakers-weigh-ai-standards-for-minors/ —  · 2026-09-01.,Other / secondary coverage
R07-S24,"California SB 243 (leginfo); FPF ""Understanding the New Wave of Chatbot Legislation""; MoFo ""New York and California Enact Landmark AI Companion Laws""",https://leginfo.legislature.ca.gov/faces/billNavClient.xhtml?bill_id=202520260SB243,search-only,pedagogy,; https://fpf.org/blog/understanding-the-new-wave-of-chatbot-legislation-california-sb-243-and-beyond/ ; https://www.mofo.com/resources/insights/251120-new-york-and-california-enact-landmark-ai —  · 2026-09-01 · signed 13 Oct 2025; effective 1 Jan 2026.,Other / secondary coverage
R07-S25,GitHub — peteonrails/voxtype,https://github.com/peteonrails/voxtype,verified,pedagogy,"· 2026-09-01 · Rust, MIT, local-by-default, whisper.cpp + 8 other engines, Hyprland/Niri/Sway/River/GNOME/KDE, `omarchy-plugin` dir, v0.7.0 referenced.",Other / secondary coverage
R07-S26,"HealthyChildren.org (AAP) — ""Helping Kids Thrive in a Digital World: AAP Policy Explained""",https://www.healthychildren.org/English/family-life/Media/Pages/helping-kids-thrive-in-a-digital-world-AAP-policy-explained.aspx,verified,pedagogy,"· 2026-09-01 · policy ""Digital Ecosystems, Children, and Adolescents""; page dated 3 Jun 2026; no restated hour cap; hour-before-bed; co-use; delay personal devices.",Other / secondary coverage
R07-S31,"Fitzpatrick, Cristini, Bernard & Garon-Carrier (2023) — ""Meeting preschool screen time recommendations: which parental strategies matter?"", Frontiers in Psychology",https://www.frontiersin.org/journals/psychology/articles/10.3389/fpsyg.2023.1287396/full,verified,pedagogy,· 2026-09-01 · restrictive OR 4.07; co-viewing OR 0.20.,Other / secondary coverage
R07-S32,"Computers & Education (2016) — ""Active and restrictive parental mediation over time: Effects on…""",https://www.sciencedirect.com/science/article/abs/pii/S0360131516300756,search-only,pedagogy,· 2026-09-01 · active mediation reduces risks; over-restriction can backfire.,Other / secondary coverage
R07-S33,"Hourcade, J. P. — *Child-Computer Interaction*, 1st ed. (2015), PDF",https://jphourcade.com/book/child-computer-interaction-first-edition.pdf,verified,pedagogy,"(redirect from homepage.divms.uiowa.edu) —  (PDF downloaded, text extracted locally) · 2026-09-01 · Piaget stages pp. 10-11; Wyeth & Purchase; Appendix A motor skills pp. 130-137 (targets 64/32/16 px; drag vs click-move-click; typing/spelling).",Other / secondary coverage
R07-S34,"Betts et al. (2006) — ""The Development of Sustained Attention in Children: The Effect of Age and Task Load"" (ResearchGate/Academia listings)",https://www.researchgate.net/publication/6949000_The_Development_of_Sustained_Attention_in_Children_The_Effect_of_Age_and_Task_Load,search-only,pedagogy,"· 2026-09-01 · rapid 5-6→8-9, plateau to 11-12.",Other / secondary coverage
R07-S35,"Typing.com — ""At What Age Are Kids Developmentally Ready for Typing?""",https://www.typing.com/blog/age-kids-developmentally-reading-typing/,verified,pedagogy,· 2026-09-01 · familiarity in K; formal grades 2-3; wpm benchmarks (vendor blog).,Other / secondary coverage
R07-S36,"Learning.com — ""When Should Children Start Learning Keyboarding""",https://www.learning.com/blog/when-should-children-start-learning-keyboarding/,search-only,pedagogy,· 2026-09-01 · palms rest on keyboard ~6-7; grade-3 finger placement (vendor blog).,Other / secondary coverage
R07-S37,"Resnick, M. — ""Designing for Wide Walls"" (Medium)",https://medium.com/@mres/designing-for-wide-walls-323bdb4e7277,search-only,pedagogy,(fetch 403) · 2026-09-01 · Papert low floor/high ceiling + wide walls.,Other / secondary coverage
R07-S38,"Int. J. Child-Computer Interaction — ""ScratchJr design in practice: Low floor, high ceiling""",https://www.sciencedirect.com/science/article/abs/pii/S2212868923000387,search-only,pedagogy,· 2026-09-01.,Other / secondary coverage
R07-S42,"thejavaguy.org — ""My 7½ year old learned 4 bash (Linux) commands in one hour""",https://thejavaguy.org/posts/008-my-kid-learned-bash-in-one-hour/,verified,pedagogy,· 2026-09-01 · echo/ls/touch/rm; up-arrow; tab completion.,Other / secondary coverage
R07-S43,"Hacker News — ""How many Linux commands can a 7 year old learn?""",https://news.ycombinator.com/item?id=31285143,search-only,pedagogy,· 2026-09-01.,Other / secondary coverage
R07-S44,"Hacker News — ""Bashcrawl: Learn Linux commands by playing a simple text adventure""",https://news.ycombinator.com/item?id=28819387,search-only,pedagogy,· 2026-09-01 · commenter learned on Kano OS at 12.,Other / secondary coverage
R07-S52,"Boomerang — ""Family Link: What Parents Need to Know in 2026""; Mobicip — ""Bypass Google Family Link""",https://useboomerang.com/article/family-link/,search-only,pedagogy,; https://www.mobicip.com/blog/how-do-kids-bypass-google-family-link —  · 2026-09-01 · competitor blogs; bypass via settings/safe mode/factory reset; ends at 13.,Other / secondary coverage
R07-S53,"SafeWise — ""Bark App Review""; AllAboutCookies — ""Bark vs. Qustodio 2026""",https://www.safewise.com/kids-safety/parental-control-apps/bark/,search-only,pedagogy,"; https://allaboutcookies.org/bark-vs-qustodio —  · 2026-09-01 · false positives, alert fatigue, lag, VPN bypass.",Other / secondary coverage
R07-S55,"euCONSENT — ""Digital Age of Consent under the GDPR""",https://euconsent.eu/digital-age-of-consent-under-the-gdpr/,verified,pedagogy,· 2026-09-01 · per-state 13-16 table.,Other / secondary coverage
R07-S59,Fairplay — petition to FTC on dark patterns and children (2021),https://fairplayforkids.org/wp-content/uploads/2021/05/darkpatterns.pdf,search-only,pedagogy,· 2026-09-01.,Other / secondary coverage
R07-S64,"Wikipedia — ""International Age Rating Coalition""; Internet Matters — ""Video games age ratings explained""",https://en.wikipedia.org/wiki/International_Age_Rating_Coalition,search-only,pedagogy,; https://www.internetmatters.org/resources/video-games-age-ratings-explained/ —  · 2026-09-01 · PEGI 3/7/12/16/18; ESRB E/E10+/T/M/AO.,Other / secondary coverage
R07-S68,"Sage, J. Educ. Computing Research — ""Designing and Learning With Pedagogical Agents: An Umbrella Review"" (2024); Schroeder, Adesope & Gilbert — ""How Effective are Pedagogical Agents for Learning? A Meta-Analytic Review""",https://journals.sagepub.com/doi/10.1177/07356331241288476,search-only,pedagogy,; https://journals.sagepub.com/doi/10.2190/EC.49.1.a —  · 2026-09-01 · small positive effects; function/design matter.,Other / secondary coverage
R07-S69,"Hunton — ""European Commission Issues Guidelines on the Protection of Minors""",https://www.hunton.com/privacy-and-information-security-law/european-commission-issues-guidelines-on-the-protection-of-minors,search-only,pedagogy,· 2026-09-01.,Other / secondary coverage
R07-S70,"LWN — ""DoudouLinux: You know, for kids""; DoudouLinux Quick start",https://lwn.net/Articles/450503/,search-only,pedagogy,; https://www.doudoulinux.org/web/english/documentation-7/article/quick-start.html —  · 2026-09-01 · ages 2-7; activity order and per-app ages.,Other / secondary coverage
R07-S71,"LearnTechLib — ""A Usability Study with Children: Testing OLPC (One Laptop per Child)""",https://www.learntechlib.org/noaccess/30696/,search-only,pedagogy,· 2026-09-01 · icon/navigation effectiveness on XO.,Other / secondary coverage
R07-S72,"OpenAI — ""Building more helpful ChatGPT experiences for everyone"" (Sep 2025)",https://openai.com/index/building-more-helpful-chatgpt-experiences-for-everyone/,search-only,pedagogy,· 2026-09-01 · age prediction; under-18 default.,Other / secondary coverage
R08-S1,"Settles & Meeder 2016, ""A Trainable Spaced Repetition Model for Language Learning"" (ACL, PDF)",https://aclanthology.org/P16-1174.pdf,verified,learning,HLR; error −45% vs baselines; deployed: daily engagement +12%.,Other / secondary coverage
R08-S2,ACL Anthology record P16-1174,https://aclanthology.org/P16-1174/,verified,learning,Metadata only; abstract not on page.,Other / secondary coverage
R08-S3,"Duolingo blog, ""Learning how to help you learn: introducing Birdbrain"" (2020-10-07)",https://blog.duolingo.com/learning-how-to-help-you-learn-introducing-birdbrain/,verified,learning,Learner knowledge × exercise difficulty; >20% lessons personalised; learn more and return more.,Other / secondary coverage
R08-S4,"Duolingo blog, ""Ending & honoring our volunteer Contributor program"" (2021-03-10)",https://blog.duolingo.com/ending-honoring-our-volunteer-contributor-program-2/,verified,learning,"Reasons quoted; 1,000+ volunteers; $4M award; paid Course Specialists.",Other / secondary coverage
R08-S5,"Duolingo blog, new home screen / Path (2022-11-01)",https://blog.duolingo.com/new-duolingo-home-screen-design/,verified,learning,Linear path; interspersed skills; spaced repetition rationale.,Other / secondary coverage
R08-S6,"Lenny's Newsletter, Jorge Mazal (ex-CPO), ""How Duolingo reignited user growth""",https://www.lennysnewsletter.com/p/how-duolingo-reignited-user-growth,verified,learning,"Secondary venue, first-person; CURR +21%; leagues +17% learning time; 10-day streak; failed moves counter.",Other / secondary coverage
R08-S7,"Duolingo blog, ""The Duolingo Streak uses habit research"" (2022-01-31)",https://blog.duolingo.com/how-duolingo-streak-builds-habit/,verified,learning,"""tap into loss aversion""; 3.6×; +1.7% D7; +0.38% DAL.",Other / secondary coverage
R08-S8,"Duolingo blog, ""How Streaks keep learners committed"" (2017-05-10)",https://blog.duolingo.com/how-streaks-keep-duolingo-learners-committed-to-their-language-goals/,verified,learning,Streak Wager +14% D7; Weekend Amulet +4%.,Other / secondary coverage
R08-S9,"Duolingo blog, ""Why Duolingo switched to Energy"" (2025-07-03)",https://blog.duolingo.com/duolingo-energy/,verified,learning,"Hearts ""not the most effective way to support learning""; beginners 2× lockout.",Other / secondary coverage
R08-S10,"Duolingo blog, ""The Duolingo Method: 5 key principles"" (2023-02-02)",https://blog.duolingo.com/duolingo-teaching-method/,verified,learning,Five principles.,Other / secondary coverage
R08-S12,"Duolingo blog, ""A good read: building Duolingo ABC for Android"" (2022-10-06)",https://blog.duolingo.com/a-good-read-building-duolingo-abc-for-android/,verified,learning,Ages 3–8; intrinsic delight; no streak/hearts/leaderboards discussed.,Other / secondary coverage
R08-S13,"Duolingo ABC Scope and Sequence, English (Nov 2022, PDF)",https://lit-lessons-cdn.duolingo.com/resources/duolingo_abc_scope_and_sequence_english.pdf,verified,learning,"Nine levels as buildings; Pre-K/K 1–4, 1st 5–8, 2nd 9; unit tables.",Other / secondary coverage
R08-S15,"Duolingo blog, ""The Duolingo App Now Has Math, Music, and Language"" (2023-10-11)",https://blog.duolingo.com/new-subjects/,verified,learning,Streak/XP/quests shared across subjects.,Other / secondary coverage
R08-S16,"Duolingo blog, ""Teaching Owlgebra: developing math on Duolingo""",https://blog.duolingo.com/developing-math/,verified,learning,Knowledge components differ; thousands of visuals; Rive.,Other / secondary coverage
R08-S17,"Duolingo blog, ""Duolingo Music Is Here"" (2023-10-11)",https://blog.duolingo.com/music-course/,verified,learning,"Rhythm, notes, keyboard; counts toward streak/XP.",Other / secondary coverage
R08-S18,"Duolingo blog, ""Introducing Duolingo Max"" (2023-03-14, since updated)",https://blog.duolingo.com/duolingo-max/,verified,learning,GPT-4; human-written scenarios; review; no age statement.,Other / secondary coverage
R08-S19,"Duolingo blog, ""Duolingo's Video Call"" (2024-09-24)",https://blog.duolingo.com/video-call/,verified,learning,Lily; adapts to level; withholds grammar corrections; no efficacy cited.,Other / secondary coverage
R08-S20,"Duolingo blog, ""Explain My Answer is now free for all learners!"" (post dated 2026-01-01)",https://blog.duolingo.com/explain-my-answer-now-free/,verified,learning,Personalised mistake explanation; moved from Max to free.,Other / secondary coverage
R08-S21,"Duolingo blog, ""How does Duolingo evaluate effectiveness?"" (2022-10-17)",https://blog.duolingo.com/duolingo-efficacy-research-framework/,verified,learning,Engagement/mastery/application/proficiency; CEFR.,Other / secondary coverage
R08-S22,"Duolingo blog, ""Does Duolingo Work?"" (2024-11-14)",https://blog.duolingo.com/how-well-does-duolingo-work/,verified,learning,Five sections ≈ five semesters; no children.,Other / secondary coverage
R08-S23,"Duolingo blog, ""How the Duolingo Owl decides what notification to send"" (2020-09-03)",https://blog.duolingo.com/hi-its-duo-the-ai-behind-the-meme/,verified,learning,Bandit; 200M reminders/34 days; novelty decay via forgetting curve.,Other / secondary coverage
R08-S24,Duolingo Research page,https://research.duolingo.com/,verified,learning,"Lists Settles & Meeder 2016, Yancey & Settles KDD 2020, assessment papers.",Other / secondary coverage
R08-S25,"Duolingo blog, ""How Duolingo Leaderboards and Leagues Work"" (2023-05-03)",https://blog.duolingo.com/duolingo-leagues-leaderboards/,verified,learning,"10 leagues; ""a little competition worked""; opt-out.",Other / secondary coverage
R08-S26,"Duolingo blog, ""Understanding Duolingo's Time Spent Learning Well Metric"" (2024-06-13)",https://blog.duolingo.com/time-spent-learning-well/,verified,learning,"Proxy for learning; path lessons 1.0, others 0.5; ""can't learn if they churn"".",Other / secondary coverage
R08-S27,"Duolingo blog, ""Start earning brand-new Achievements"" (2023-12-11)",https://blog.duolingo.com/achievement-badges/,verified,learning,Badge categories.,Other / secondary coverage
R08-S28,"Duolingo blog, ""2025 Duolingo Highlights"" (2025-12-10)",https://blog.duolingo.com/product-highlights/,verified,learning,"Chess, Score, 172 courses, smaller chunks, friend leaderboards.",Other / secondary coverage
R08-S29,"Mind the Product, ""Lessons from Duolingo's product handbook""",https://www.mindtheproduct.com/lessons-from-duolingos-product-handbook/,verified,learning,"Secondary; quotes ""User trust matters more than immediate gains""; four product principles.",Other / secondary coverage
R08-S30,The Duolingo Handbook,https://handbook.duolingo.com/,search-only,learning,Fetch exceeded 10 MB size cap; quoted via S29.,Other / secondary coverage
R08-S31,"Duolingo blog, ""Dear Duolingo: Why is spaced repetition so important?"" (2023-12-26)",https://blog.duolingo.com/spaced-repetition-for-learning/,verified,learning,End-of-lesson review; spacing + accuracy select practice.,Other / secondary coverage
R08-S32,"Duolingo, Inc. Form 10-K FY2025 (SEC EDGAR)",https://www.sec.gov/Archives/edgar/data/1562088/000162828026012494/duol-20251231.htm,search-only,learning,"403 to fetcher; snippet: ~43M DAU 7+-day streak, ~15M 365+; 52.7M DAU; 130M MAU; 12.2M paid.",Other / secondary coverage
R08-S33,Duolingo Q4/FY2025 shareholder letter (SEC),https://www.sec.gov/Archives/edgar/data/1562088/000162828026012246/q4fy25duolingo12-31x25shar.htm,search-only,learning,403.,Other / secondary coverage
R08-S34,Duolingo ABC site,https://abc.duolingo.com/,search-only,learning,"JS shell; snippet: ages 3–8, free.",Other / secondary coverage
R08-S35,Duolingo efficacy page,https://www.duolingo.com/efficacy,search-only,learning,JS shell; whitepaper list seen in search.,Other / secondary coverage
R08-S36,"Duolingo Help Center, Family Plan",https://preview.duolingo.com/help/family-plan,search-only,learning,"Snippet: under-13 ""private profiles since we restrict social features""; page rendered empty.",Other / secondary coverage
R08-S37,Duolingo ABC Privacy Policy,https://www.duolingo.com/abc-privacy,search-only,learning,JS shell.,Other / secondary coverage
R08-S38,"Cepeda, Pashler, Vul, Wixted & Rohrer 2006, Psychological Bulletin (Europe PMC record)",https://www.ebi.ac.uk/europepmc/webservices/rest/search?query=EXT_ID:16719566%20AND%20SRC:MED&resultType=core&format=json,verified,learning,839 assessments/317 experiments/184 articles; optimal ISI grows with RI.,Other / secondary coverage
R08-S39,"Murre & Dros 2015, ""Replication and Analysis of Ebbinghaus' Forgetting Curve"", PLOS ONE",https://journals.plos.org/plosone/article?id=10.1371/journal.pone.0120644,verified,learning,Replication successful; 20 min–31 days.,Other / secondary coverage
R08-S40,"Roediger & Karpicke 2006, ""Test-enhanced learning"", Psychological Science (Europe PMC record)",https://www.ebi.ac.uk/europepmc/webservices/rest/search?query=EXT_ID:16507066%20AND%20SRC:MED&resultType=core&format=json,verified,learning,Testing > restudy at 2 days/1 week.,Other / secondary coverage
R08-S41,"Karpicke, Blunt & Smith 2016, Frontiers in Psychology",https://www.frontiersin.org/articles/10.3389/fpsyg.2016.00350/full,verified,learning,88 4th-graders; d=0.48–0.64.,Other / secondary coverage
R08-S42,"Vlach & Sandhofer 2012, Child Development (Semantic Scholar record)","https://api.semanticscholar.org/graph/v1/paper/DOI:10.1111/j.1467-8624.2012.01781.x?fields=title,authors,year,venue,abstract,citationCount",verified,learning,"Ages 5–7, n=36; spacing improves generalisation.",Other / secondary coverage
R08-S43,"Rohrer, Dedrick & Stershic 2015, J. Educational Psychology (ERIC EJ1071568)",https://eric.ed.gov/?id=EJ1071568,verified,learning,126 7th-graders; d=0.42/0.79.,Other / secondary coverage
R08-S44,"Dunlosky et al. 2013, Psychological Science in the Public Interest (Europe PMC record)",https://www.ebi.ac.uk/europepmc/webservices/rest/search?query=EXT_ID:26173288%20AND%20SRC:MED&resultType=core&format=json,verified,learning,"Practice testing, distributed practice high utility across ages; interleaving moderate.",Other / secondary coverage
R08-S45,"Kulik & Kulik 1988, ""Timing of Feedback and Verbal Learning"", RER (ERIC EJ375720)",https://eric.ed.gov/?id=EJ375720,verified,learning,53 studies; classroom immediate > delayed; lab opposite.,Other / secondary coverage
R08-S46,"Metcalfe, Kornell & Finn 2009, Memory & Cognition (author PDF)",https://web.williams.edu/Psychology/Faculty/Kornell/Publications/Metcalfe.Kornell.Finn.2009.pdf,verified,learning,Grade 6: delayed > immediate > none.,Other / secondary coverage
R08-S47,"Bloom 1984, ""The 2 Sigma Problem"", Educational Researcher (ERIC EJ303699)",https://eric.ed.gov/?id=EJ303699,verified,learning,Abstract only; mastery learning as group method.,Other / secondary coverage
R08-S48,"Bjork Learning & Forgetting Lab, ""Research"" (desirable difficulties)",https://bjorklab.psych.ucla.edu/research/,verified,learning,Five conditions; non-additive combinations.,Other / secondary coverage
R08-S49,"Sweller 1988, ""Cognitive Load During Problem Solving"", Cognitive Science (Semantic Scholar record)","https://api.semanticscholar.org/graph/v1/paper/DOI:10.1207/s15516709cog1202_4?fields=title,authors,year,venue,abstract,citationCount",verified,learning,Metadata only; abstract elided by publisher.,Other / secondary coverage
R08-S50,"Sweller, van Merriënboer & Paas 2019, ""Cognitive Architecture and Instructional Design: 20 Years Later"", Educ. Psych. Review",https://link.springer.com/article/10.1007/s10648-019-09465-5,search-only,learning,Springer cookie wall.,Other / secondary coverage
R08-S51,"Wood, Bruner & Ross 1976, ""The role of tutoring in problem solving"" (Semantic Scholar record)","https://api.semanticscholar.org/graph/v1/paper/DOI:10.1111/j.1469-7610.1976.tb00381.x?fields=title,authors,year,venue,abstract,citationCount",verified,learning,Metadata only; abstract elided.,Other / secondary coverage
R08-S52,"Center for Self-Determination Theory, ""Theory""",https://selfdeterminationtheory.org/theory/,verified,learning,Three needs; intrinsic/extrinsic; CET.,Other / secondary coverage
R08-S53,"Deci, Koestner & Ryan 1999, Psychological Bulletin (Europe PMC record)",https://www.ebi.ac.uk/europepmc/webservices/rest/search?query=EXT_ID:10589297%20AND%20SRC:MED&resultType=core&format=json,verified,learning,"128 studies; tangible rewards ""more detrimental for children"".",Other / secondary coverage
R08-S54,"Hamari, Koivisto & Sarsa 2014, HICSS (Semantic Scholar record)","https://api.semanticscholar.org/graph/v1/paper/DOI:10.1109/HICSS.2014.377?fields=title,authors,year,venue,abstract,citationCount",verified,learning,Positive but context- and user-dependent.,Other / secondary coverage
R08-S55,"Sailer & Homner 2020, ""The Gamification of Learning: a Meta-analysis"", Educ. Psych. Review (Semantic Scholar record)","https://api.semanticscholar.org/graph/v1/paper/DOI:10.1007/s10648-019-09498-w?fields=title,authors,year,venue,abstract,citationCount",verified,learning,g=.49/.36/.25; fiction and social interaction moderators.,Other / secondary coverage
R08-S56,"Huang et al. 2020, gamification meta-analysis, ETR&D",https://link.springer.com/article/10.1007/s11423-020-09807-z,search-only,learning,Springer cookie wall; metadata via Semantic Scholar only.,Other / secondary coverage
R08-S57,"Kurnaz & Koçtürk 2025, ""A Meta-Analysis of Gamification's Impact on Student Motivation in K-12"", Psychology in the Schools (Semantic Scholar record)","https://api.semanticscholar.org/graph/v1/paper/DOI:10.1002/pits.70056?fields=title,authors,year,venue,abstract",verified,learning,g=.654; extrinsic>intrinsic; primary g=.309.,Other / secondary coverage
R08-S59,"Mohammed, Fatemah & Hassan 2024, Simulation & Gaming (Semantic Scholar record)","https://api.semanticscholar.org/graph/v1/paper/DOI:10.1177/10468781241237389?fields=title,authors,year,venue,abstract",verified,learning,5th grade; badges vs leaderboards no difference; novelty.,Other / secondary coverage
R08-S60,Khan Academy Kids,https://www.khanacademy.org/kids,verified,learning,Ages 2–8; free forever; no ads/subscriptions; ELOF + Common Core; personalized path.,Other / secondary coverage
R08-S67,ricecooker docs,https://ricecooker.readthedocs.io/en/latest/,verified,learning,Node tree; required metadata; publish flow.,Other / secondary coverage
R08-S68,"ricecooker docs, ""Exercises""",https://ricecooker.readthedocs.io/en/latest/exercises.html,verified,learning,Four question types; default mastery 3 of 5; hints.,Other / secondary coverage
R08-S69,learningequality/le-utils (GitHub),https://github.com/learningequality/le-utils,verified,learning,Content kinds; licences; label specs.,Other / secondary coverage
R08-S70,le-utils `constants/exercises.py` (raw),https://raw.githubusercontent.com/learningequality/le-utils/master/le_utils/constants/exercises.py,verified,learning,Mastery model and question type constants.,Other / secondary coverage
R08-S75,DragonBox,https://dragonbox.com/,verified,learning,Products by age; Engage/Explore/Reflect/Apply; no efficacy data.,Other / secondary coverage
R08-S76,"Fairplay/CCFC, ""Advocates to FTC: Prodigy Math Game Preys on Kids and Families"" (2021-02-19)",https://fairplayforkids.org/feb-19-2021-advocates-to-ftc-prodigy-math-game-preys-on-kids-and-families/,verified,learning,Allegations and mechanics.,Other / secondary coverage
R08-S77,"PBS, ""PBS KIDS Sets New Bar in Educational Gaming Space"" (2011-10-13)",https://www.pbs.org/about/about-pbs/blogs/news/pbs-kids-sets-new-bar-in-educational-gaming-space-with-launch-of-over-40-new-skills-based-games/,verified,learning,Math framework; classroom-tested; ages 2–8; free.,Other / secondary coverage
R08-S82,H5P content types,https://h5p.org/content-types-and-applications,verified,learning,60+ types.,Other / secondary coverage
R08-S83,H5P specification,https://h5p.org/documentation/developers/h5p-specification,verified,learning,"h5p.json, content.json, library.json, semantics.json.",Other / secondary coverage
R08-S84,H5P licensing,https://h5p.org/licensing,verified,learning,MIT core (one GPL dep); content CC BY 4.0 default.,Other / secondary coverage
R08-S85,"scorm.com, ""SCORM Explained""",https://scorm.com/scorm-explained/,verified,learning,imsmanifest; run-time API; tracking.,Other / secondary coverage
R08-S86,xapi.com overview,https://xapi.com/overview/,verified,learning,IEEE 9274.1.1-2023; actor-verb-object; LRS; offline.,Other / secondary coverage
R08-S87,1EdTech Common Cartridge,https://www.1edtech.org/standards/cc,verified,learning,Versions; QTI; LTI links.,Other / secondary coverage
R08-S88,"Open edX docs, ""What is OLX?""",https://docs.openedx.org/en/latest/educators/olx/what-is-olx.html,verified,learning,XML; .tar.gz; cc2olx.,Other / secondary coverage
R08-S89,"LWN, ""Endless OS aimed at educational and offline environments"" (2024)",https://lwn.net/Articles/984086/,verified,learning,Endless Key is an open-source Kolibri plugin; OSTree base.,Other / secondary coverage
R08-S92,"VanLehn 2011, Educational Psychologist (ERIC EJ946764)",https://eric.ed.gov/?id=EJ946764,verified,learning,Human d=0.79; ITS 0.76; CAI 0.3.,Other / secondary coverage
R08-S93,"Kulik & Fletcher 2016, RER (ERIC EJ1090502)",https://eric.ed.gov/?id=EJ1090502,verified,learning,50 evaluations; median 0.66 SD; test-alignment caveat.,Other / secondary coverage
R08-S94,"Roschelle, Feng, Murphy & Mason 2016, ""Online Mathematics Homework Increases Student Achievement"", AERA Open (ERIC PDF)",https://files.eric.ed.gov/fulltext/EJ1194398.pdf,verified,learning,"2,850 7th-graders; 43 schools; g=0.18.",Other / secondary coverage
R08-S95,"WWC Intervention Report, Cognitive Tutor (June 2016, PDF)",https://ies.ed.gov/ncee/wwc/Docs/InterventionReports/wwc_cognitivetutor_062116.pdf,verified,learning,"Algebra I mixed effects (+4, −7 to +19); Geometry potentially negative.",Other / secondary coverage
R08-S96,Khanmigo for parents,https://www.khanmigo.ai/parents,verified,learning,Socratic; elementary–college; parent history; flagged-content alerts; $4/mo.,Other / secondary coverage
R08-S97,"Khan Academy, ""Framework for Responsible AI in Education"" (2025-04-03)",https://blog.khanacademy.org/khan-academys-framework-for-responsible-ai-in-education/,verified,learning,Nine principles.,Other / secondary coverage
R08-S98,"Khan Academy Help, ""What safety features does Khanmigo have?""",https://support.khanacademy.org/hc/en-us/articles/14394814244365-What-safety-features-does-Khanmigo-have,search-only,learning,"403; snippet: moderation, chat visibility, no essays.",Other / secondary coverage
R08-S99,"Bastani et al. 2025, ""Generative AI without guardrails can harm learning"", PNAS (Semantic Scholar record)","https://api.semanticscholar.org/graph/v1/paper/DOI:10.1073/pnas.2422633122?fields=title,authors,year,venue,abstract,citationCount",verified,learning,High-school maths; harm without guardrails; teacher-designed hints mitigate.,Other / secondary coverage
R08-S100,"Kestin et al. 2025, ""AI tutoring outperforms in-class active learning"", Scientific Reports (Semantic Scholar record)","https://api.semanticscholar.org/graph/v1/paper/DOI:10.1038/s41598-025-97652-6?fields=title,authors,year,venue,abstract,citationCount",verified,learning,College physics RCT.,Other / secondary coverage
R08-S101,"De Simone et al. 2025, ""From Chalkboards to Chatbots"", World Bank PRWP 11125 (ERIC ED676624)",https://eric.ed.gov/?id=ED676624,verified,learning,"Nigeria senior secondary; 6 weeks; +0.31 SD overall, +0.23 English.",Other / secondary coverage
R08-S102,"Khan Academy Help, under-13 login options",https://support.khanacademy.org/hc/en-us/articles/202487460-If-my-child-is-younger-than-age-13-what-login-options-are-there,search-only,learning,403.,Other / secondary coverage
